c_datetime,concept_classification,rn_url
2020-09-21T16:30:47Z,Antiviral (COVID-19),https://chem.nlm.nih.gov/chemidplus/rn/56-65-5
2020-09-21T16:30:47Z,Drug / Therapeutic Agent,https://chem.nlm.nih.gov/chemidplus/rn/56-65-5
2020-09-21T16:30:47Z,Mutation Data,https://chem.nlm.nih.gov/chemidplus/rn/56-65-5
2020-09-21T16:32:03Z,Anti-Inflammatory,https://chem.nlm.nih.gov/chemidplus/rn/112887-68-0
2020-09-21T16:32:03Z,Antimetabolites,https://chem.nlm.nih.gov/chemidplus/rn/112887-68-0
2020-09-21T16:32:03Z,"Antimetabolites, Antineoplastic",https://chem.nlm.nih.gov/chemidplus/rn/112887-68-0
2020-09-21T16:32:03Z,Antineoplastic Agents,https://chem.nlm.nih.gov/chemidplus/rn/112887-68-0
2020-09-21T16:32:03Z,Enzyme Inhibitors,https://chem.nlm.nih.gov/chemidplus/rn/112887-68-0
2020-09-21T16:32:03Z,Folic Acid Antagonists,https://chem.nlm.nih.gov/chemidplus/rn/112887-68-0
2020-09-21T16:32:03Z,Noxae,https://chem.nlm.nih.gov/chemidplus/rn/112887-68-0
2020-09-21T16:34:12Z,Antineoplastic,https://chem.nlm.nih.gov/chemidplus/rn/918504-65-1
2020-09-21T16:34:12Z,Antineoplastic Agents,https://chem.nlm.nih.gov/chemidplus/rn/918504-65-1
2020-09-21T16:34:12Z,Enzyme Inhibitors,https://chem.nlm.nih.gov/chemidplus/rn/918504-65-1
2020-09-21T16:34:12Z,Protein Kinase Inhibitors,https://chem.nlm.nih.gov/chemidplus/rn/918504-65-1
2020-09-21T16:34:41Z,Antineoplastic,https://chem.nlm.nih.gov/chemidplus/rn/572924-54-0
2020-09-21T16:39:59Z,Antineoplastic Agents,https://chem.nlm.nih.gov/chemidplus/rn/906805-06-9
2020-09-21T16:39:59Z,"Antineoplastic Agents, Immunological",https://chem.nlm.nih.gov/chemidplus/rn/906805-06-9
2020-09-21T16:39:59Z,Treatment of Cancer,https://chem.nlm.nih.gov/chemidplus/rn/906805-06-9
2020-09-21T16:44:35Z,Antineoplastic,https://chem.nlm.nih.gov/chemidplus/rn/1417318-27-4
2020-09-21T16:44:59Z,Antineoplastic Agents,https://chem.nlm.nih.gov/chemidplus/rn/192185-72-1
2020-09-21T16:44:59Z,"Treatment of Advanced Pancreatic Cancer, Colorectal Cancer, and Non-Small Cell Lung Cancer",https://chem.nlm.nih.gov/chemidplus/rn/192185-72-1
2020-09-21T16:45:34Z,Alkylating Agents,https://chem.nlm.nih.gov/chemidplus/rn/85622-93-1
2020-09-21T16:45:34Z,Antineoplastic Agents,https://chem.nlm.nih.gov/chemidplus/rn/85622-93-1
2020-09-21T16:45:34Z,"Antineoplastic Agents, Alkylating",https://chem.nlm.nih.gov/chemidplus/rn/85622-93-1
2020-09-21T16:45:34Z,Drug / Therapeutic Agent,https://chem.nlm.nih.gov/chemidplus/rn/85622-93-1
2020-09-21T16:45:34Z,Mutation Data,https://chem.nlm.nih.gov/chemidplus/rn/85622-93-1
2020-09-21T16:45:34Z,Noxae,https://chem.nlm.nih.gov/chemidplus/rn/85622-93-1
2020-09-21T16:45:34Z,Treatment of Recurrent High-Grade Gliomas and Advanced Metastatic Melanoma (Alkylating Agent),https://chem.nlm.nih.gov/chemidplus/rn/85622-93-1
2020-09-21T16:47:57Z,Antineoplastic agents,https://chem.nlm.nih.gov/chemidplus/rn/1038915-64-8
2020-09-21T16:47:57Z,Enzyme Inhibitors,https://chem.nlm.nih.gov/chemidplus/rn/1038915-64-8
2020-09-21T16:47:57Z,Poly(ADP-ribose) Polymerase Inhibitors,https://chem.nlm.nih.gov/chemidplus/rn/1038915-64-8
2020-09-21T16:48:05Z,Antineoplastic Agents,https://chem.nlm.nih.gov/chemidplus/rn/1038915-73-9
2020-09-21T16:48:05Z,Enzyme Inhibitors,https://chem.nlm.nih.gov/chemidplus/rn/1038915-73-9
2020-09-21T16:48:05Z,Poly(ADP-ribose) Polymerase Inhibitors,https://chem.nlm.nih.gov/chemidplus/rn/1038915-73-9
2020-09-21T16:48:12Z,Antineoplastic Agents,https://chem.nlm.nih.gov/chemidplus/rn/1613220-15-7
2020-09-21T16:48:12Z,Enzyme Inhibitors,https://chem.nlm.nih.gov/chemidplus/rn/1613220-15-7
2020-09-21T16:48:12Z,Poly(ADP-ribose) Polymerase Inhibitors,https://chem.nlm.nih.gov/chemidplus/rn/1613220-15-7
2020-09-21T16:48:47Z,Treatment of Cancer,https://chem.nlm.nih.gov/chemidplus/rn/1453084-37-1
2020-09-21T16:53:41Z,Mutation Data,https://chem.nlm.nih.gov/chemidplus/rn/342-69-8
2020-09-21T16:53:41Z,Reproductive Effect,https://chem.nlm.nih.gov/chemidplus/rn/342-69-8
2020-09-21T16:53:41Z,Tumor Data,https://chem.nlm.nih.gov/chemidplus/rn/342-69-8
2020-09-21T16:53:48Z,Pharmaceutic Aid (Suspending Agent),https://chem.nlm.nih.gov/chemidplus/rn/9004-67-5
2020-09-21T16:53:48Z,TSCA Flag XU (Exempt from Reporting under Chemical Data Reporting Rule),https://chem.nlm.nih.gov/chemidplus/rn/9004-67-5
2020-09-21T16:54:01Z,Antineoplastic,https://chem.nlm.nih.gov/chemidplus/rn/1421373-65-0
2020-09-21T16:54:01Z,Antineoplastic Agents,https://chem.nlm.nih.gov/chemidplus/rn/1421373-65-0
2020-09-21T16:54:01Z,Enzyme Inhibitors,https://chem.nlm.nih.gov/chemidplus/rn/1421373-65-0
2020-09-21T16:54:01Z,Protein Kinase Inhibitors,https://chem.nlm.nih.gov/chemidplus/rn/1421373-65-0
2020-09-21T16:54:08Z,Antineoplastic,https://chem.nlm.nih.gov/chemidplus/rn/1421373-66-1
2020-09-21T16:54:08Z,Antineoplastic Agents,https://chem.nlm.nih.gov/chemidplus/rn/1421373-66-1
2020-09-21T17:01:56Z,Antineoplastic,https://chem.nlm.nih.gov/chemidplus/rn/1217486-61-7
2020-09-21T17:02:25Z,Antineoplastic,https://chem.nlm.nih.gov/chemidplus/rn/2126132-98-5
2020-09-21T17:11:16Z,Androgen Antagonists,https://chem.nlm.nih.gov/chemidplus/rn/115575-11-6
2020-09-21T17:11:16Z,Antineoplastic Agents,https://chem.nlm.nih.gov/chemidplus/rn/115575-11-6
2020-09-21T17:11:16Z,"Antineoplastic Agents, Hormonal",https://chem.nlm.nih.gov/chemidplus/rn/115575-11-6
2020-09-21T17:11:16Z,Dermatologic Agents,https://chem.nlm.nih.gov/chemidplus/rn/115575-11-6
2020-09-21T17:11:16Z,Enzyme Inhibitors,https://chem.nlm.nih.gov/chemidplus/rn/115575-11-6
2020-09-21T17:11:16Z,Hormone Antagonists,https://chem.nlm.nih.gov/chemidplus/rn/115575-11-6
2020-09-21T17:11:16Z,"Hormones, Hormone Substitutes, and Hormone Antagonists",https://chem.nlm.nih.gov/chemidplus/rn/115575-11-6
2020-09-21T17:14:06Z,Antineoplastic Agents,https://chem.nlm.nih.gov/chemidplus/rn/1256580-46-7
2020-09-21T17:16:23Z,Antineoplastic,https://chem.nlm.nih.gov/chemidplus/rn/130167-69-0
2020-09-21T17:16:23Z,Antineoplastic Agents,https://chem.nlm.nih.gov/chemidplus/rn/130167-69-0
2020-09-21T17:22:00Z,"Treatment of Cancer, Autoimmune Disorders",https://chem.nlm.nih.gov/chemidplus/rn/1174014-05-1
2020-09-21T17:27:03Z,Antineoplastic Agents,https://chem.nlm.nih.gov/chemidplus/rn/945721-28-8
2020-09-21T17:29:38Z,Antimitotic,https://chem.nlm.nih.gov/chemidplus/rn/219989-84-1
2020-09-21T17:29:38Z,Antineoplastic,https://chem.nlm.nih.gov/chemidplus/rn/219989-84-1
2020-09-21T17:29:38Z,Antineoplastic Agents,https://chem.nlm.nih.gov/chemidplus/rn/219989-84-1
2020-09-21T18:03:22Z,Treatment of Cancer,https://chem.nlm.nih.gov/chemidplus/rn/888216-25-9
2020-09-21T18:22:43Z,Treatment of Cancer,https://chem.nlm.nih.gov/chemidplus/rn/2118349-31-6
2020-09-21T18:22:56Z,Angiogenesis Inhibitors,https://chem.nlm.nih.gov/chemidplus/rn/194413-58-6
2020-09-21T18:22:56Z,Angiogenesis Modulating Agents,https://chem.nlm.nih.gov/chemidplus/rn/194413-58-6
2020-09-21T18:22:56Z,Antineoplastic (Anti-Angiogenic by Selective Inhibition of Vascular Endothelial Growth Factor-Mediated Flk-1 Signaling),https://chem.nlm.nih.gov/chemidplus/rn/194413-58-6
2020-09-21T18:22:56Z,Antineoplastic Agents,https://chem.nlm.nih.gov/chemidplus/rn/194413-58-6
2020-09-21T18:22:56Z,Enzyme Inhibitors,https://chem.nlm.nih.gov/chemidplus/rn/194413-58-6
2020-09-21T18:22:56Z,Growth Inhibitors,https://chem.nlm.nih.gov/chemidplus/rn/194413-58-6
2020-09-21T18:22:56Z,Growth Substances,https://chem.nlm.nih.gov/chemidplus/rn/194413-58-6
2020-09-21T18:22:56Z,Protein Kinase Inhibitors,https://chem.nlm.nih.gov/chemidplus/rn/194413-58-6
2020-09-21T18:22:56Z,Tyrosine Kinase Inhibitors,https://chem.nlm.nih.gov/chemidplus/rn/194413-58-6
2020-09-21T18:29:45Z,Antineoplastic (DNA Topoisomerase I Inhibitor),https://chem.nlm.nih.gov/chemidplus/rn/119413-54-6
2020-09-21T18:29:58Z,Antineoplastic,https://chem.nlm.nih.gov/chemidplus/rn/123948-87-8
2020-09-21T18:29:58Z,Antineoplastic Agents,https://chem.nlm.nih.gov/chemidplus/rn/123948-87-8
2020-09-21T18:29:58Z,Enzyme Inhibitors,https://chem.nlm.nih.gov/chemidplus/rn/123948-87-8
2020-09-21T18:29:58Z,Topoisomerase I Inhibitors,https://chem.nlm.nih.gov/chemidplus/rn/123948-87-8
2020-09-21T18:29:58Z,Topoisomerase Inhibitors,https://chem.nlm.nih.gov/chemidplus/rn/123948-87-8
2020-09-21T18:33:01Z,Antineoplastic,https://chem.nlm.nih.gov/chemidplus/rn/1201438-56-3
2020-09-21T18:33:01Z,Antiviral (COVID-19),https://chem.nlm.nih.gov/chemidplus/rn/1201438-56-3
2020-09-21T18:33:59Z,Antineoplastic Agents,https://chem.nlm.nih.gov/chemidplus/rn/477202-00-9
2020-09-21T18:33:59Z,"Antineoplastic Agents, Immunological",https://chem.nlm.nih.gov/chemidplus/rn/477202-00-9
2020-09-21T18:33:59Z,Treatment of Oncology Disease and HIV Infection,https://chem.nlm.nih.gov/chemidplus/rn/477202-00-9
2020-09-21T18:34:33Z,Antineoplastic Agents,https://chem.nlm.nih.gov/chemidplus/rn/1380723-44-3
2020-09-21T18:34:33Z,Treatment of Solid Tumors,https://chem.nlm.nih.gov/chemidplus/rn/1380723-44-3
2020-09-21T18:52:05Z,Antineoplastic Agents,https://chem.nlm.nih.gov/chemidplus/rn/946414-94-4
2020-09-21T18:52:05Z,"Antineoplastic Agents, Immunological",https://chem.nlm.nih.gov/chemidplus/rn/946414-94-4
2020-09-21T18:55:52Z,Antineoplastic Agents,https://chem.nlm.nih.gov/chemidplus/rn/24968-67-0
2020-09-21T18:55:52Z,Enzyme Inhibitors,https://chem.nlm.nih.gov/chemidplus/rn/24968-67-0
2020-09-21T18:56:06Z,Antineoplastic,https://chem.nlm.nih.gov/chemidplus/rn/7059-23-6
2020-09-21T19:04:24Z,Anticarcinogenic Agents,https://chem.nlm.nih.gov/chemidplus/rn/153559-49-0
2020-09-21T19:04:24Z,Antidiabetic,https://chem.nlm.nih.gov/chemidplus/rn/153559-49-0
2020-09-21T19:04:24Z,Antineoplastic Agents,https://chem.nlm.nih.gov/chemidplus/rn/153559-49-0
2020-09-21T19:04:24Z,Antineoplastic used in the Treatment of Cutaneous T-Cell Lymphoma,https://chem.nlm.nih.gov/chemidplus/rn/153559-49-0
2020-09-21T19:04:24Z,Protective Agents,https://chem.nlm.nih.gov/chemidplus/rn/153559-49-0
2020-09-21T19:06:08Z,Antineoplastic Agents,https://chem.nlm.nih.gov/chemidplus/rn/1448347-49-6
2020-09-21T19:06:08Z,Enzyme Inhibitors,https://chem.nlm.nih.gov/chemidplus/rn/1448347-49-6
2020-09-21T19:06:08Z,Treatment of Cancer,https://chem.nlm.nih.gov/chemidplus/rn/1448347-49-6
2020-09-21T19:20:30Z,Angiogenesis Inhibitors,https://chem.nlm.nih.gov/chemidplus/rn/16330-92-0
2020-09-21T19:20:30Z,Angiogenesis Modulating Agents,https://chem.nlm.nih.gov/chemidplus/rn/16330-92-0
2020-09-21T19:20:30Z,Antineoplastic Agents,https://chem.nlm.nih.gov/chemidplus/rn/16330-92-0
2020-09-21T19:20:30Z,Chelating Agents,https://chem.nlm.nih.gov/chemidplus/rn/16330-92-0
2020-09-21T19:20:30Z,Drug / Therapeutic Agent,https://chem.nlm.nih.gov/chemidplus/rn/16330-92-0
2020-09-21T19:20:30Z,Enzyme Inhibitors,https://chem.nlm.nih.gov/chemidplus/rn/16330-92-0
2020-09-21T19:20:30Z,Growth Inhibitors,https://chem.nlm.nih.gov/chemidplus/rn/16330-92-0
2020-09-21T19:20:30Z,Growth Substances,https://chem.nlm.nih.gov/chemidplus/rn/16330-92-0
2020-09-21T19:20:30Z,Human Data,https://chem.nlm.nih.gov/chemidplus/rn/16330-92-0
2020-09-21T19:20:30Z,Sequestering Agents,https://chem.nlm.nih.gov/chemidplus/rn/16330-92-0
2020-09-21T19:21:49Z,Treatment of Cancer,https://chem.nlm.nih.gov/chemidplus/rn/1334296-12-6
2020-09-21T19:23:12Z,Treatment of Uveal Melanoma,https://chem.nlm.nih.gov/chemidplus/rn/1874157-95-5
2020-09-21T19:28:46Z,Antimitotic Agents,https://chem.nlm.nih.gov/chemidplus/rn/71486-22-1
2020-09-21T19:28:46Z,Antineoplastic Agents,https://chem.nlm.nih.gov/chemidplus/rn/71486-22-1
2020-09-21T19:28:46Z,"Antineoplastic Agents, Phytogenic",https://chem.nlm.nih.gov/chemidplus/rn/71486-22-1
2020-09-21T19:28:46Z,Drug / Therapeutic Agent,https://chem.nlm.nih.gov/chemidplus/rn/71486-22-1
2020-09-21T19:28:46Z,Tubulin Modulators,https://chem.nlm.nih.gov/chemidplus/rn/71486-22-1
2020-09-21T19:32:22Z,Angiogenesis Inhibitors,https://chem.nlm.nih.gov/chemidplus/rn/50-35-1
2020-09-21T19:32:22Z,Angiogenesis Modulating Agents,https://chem.nlm.nih.gov/chemidplus/rn/50-35-1
2020-09-21T19:32:22Z,Anti-Bacterial Agents,https://chem.nlm.nih.gov/chemidplus/rn/50-35-1
2020-09-21T19:32:22Z,Anti-Infective Agents,https://chem.nlm.nih.gov/chemidplus/rn/50-35-1
2020-09-21T19:32:22Z,Antineoplastic Agents,https://chem.nlm.nih.gov/chemidplus/rn/50-35-1
2020-09-21T19:32:22Z,Antiviral (COVID-19),https://chem.nlm.nih.gov/chemidplus/rn/50-35-1
2020-09-21T19:32:22Z,Drug / Therapeutic Agent,https://chem.nlm.nih.gov/chemidplus/rn/50-35-1
2020-09-21T19:32:22Z,Growth Inhibitors,https://chem.nlm.nih.gov/chemidplus/rn/50-35-1
2020-09-21T19:32:22Z,Growth Substances,https://chem.nlm.nih.gov/chemidplus/rn/50-35-1
2020-09-21T19:32:22Z,Human Data,https://chem.nlm.nih.gov/chemidplus/rn/50-35-1
2020-09-21T19:32:22Z,Immunologic Factors,https://chem.nlm.nih.gov/chemidplus/rn/50-35-1
2020-09-21T19:32:22Z,Immunosuppressive Agents,https://chem.nlm.nih.gov/chemidplus/rn/50-35-1
2020-09-21T19:32:22Z,Leprostatic Agents,https://chem.nlm.nih.gov/chemidplus/rn/50-35-1
2020-09-21T19:32:22Z,Mutation Data,https://chem.nlm.nih.gov/chemidplus/rn/50-35-1
2020-09-21T19:32:22Z,Noxae,https://chem.nlm.nih.gov/chemidplus/rn/50-35-1
2020-09-21T19:32:22Z,Reproductive Effect,https://chem.nlm.nih.gov/chemidplus/rn/50-35-1
2020-09-21T19:32:22Z,Sedative-Hypnotic,https://chem.nlm.nih.gov/chemidplus/rn/50-35-1
2020-09-21T19:32:22Z,Teratogens,https://chem.nlm.nih.gov/chemidplus/rn/50-35-1
2020-09-21T19:32:22Z,Tumor Data,https://chem.nlm.nih.gov/chemidplus/rn/50-35-1
2020-09-21T19:33:22Z,Antineoplastic Agents,https://chem.nlm.nih.gov/chemidplus/rn/183319-69-9
2020-09-21T19:33:22Z,Enzyme Inhibitors,https://chem.nlm.nih.gov/chemidplus/rn/183319-69-9
2020-09-21T19:33:22Z,Protein Kinase Inhibitors,https://chem.nlm.nih.gov/chemidplus/rn/183319-69-9
2020-09-21T19:34:52Z,Antineoplastic,https://chem.nlm.nih.gov/chemidplus/rn/61825-94-3
2020-09-21T19:34:52Z,Antineoplastic (DNA Adduct Alkylating Agent),https://chem.nlm.nih.gov/chemidplus/rn/61825-94-3
2020-09-21T19:34:52Z,Antineoplastic Agents,https://chem.nlm.nih.gov/chemidplus/rn/61825-94-3
2020-09-21T19:34:52Z,Antineoplatic (DNA Adduct Alkylating Agent),https://chem.nlm.nih.gov/chemidplus/rn/61825-94-3
2020-09-21T19:34:52Z,Drug / Therapeutic Agent,https://chem.nlm.nih.gov/chemidplus/rn/61825-94-3
2020-09-21T19:39:05Z,Antineoplastic Agents,https://chem.nlm.nih.gov/chemidplus/rn/781613-23-8
2020-09-21T19:39:05Z,Enzyme Inhibitors,https://chem.nlm.nih.gov/chemidplus/rn/781613-23-8
2020-09-21T19:39:05Z,Protein Kinase Inhibitors,https://chem.nlm.nih.gov/chemidplus/rn/781613-23-8
2020-09-21T19:39:05Z,Treatment of Cancer and Polycystic Kidney Disease,https://chem.nlm.nih.gov/chemidplus/rn/781613-23-8
2020-09-21T19:39:40Z,Treatment of Cancer,https://chem.nlm.nih.gov/chemidplus/rn/1188275-92-4
2020-09-21T19:45:42Z,Antineoplastic,https://chem.nlm.nih.gov/chemidplus/rn/850140-72-6
2020-09-21T19:45:42Z,Antineoplastic Agents,https://chem.nlm.nih.gov/chemidplus/rn/850140-72-6
2020-09-21T19:45:42Z,Enzyme Inhibitors,https://chem.nlm.nih.gov/chemidplus/rn/850140-72-6
2020-09-21T19:45:42Z,Protein Kinase Inhibitors,https://chem.nlm.nih.gov/chemidplus/rn/850140-72-6
2020-09-21T19:45:42Z,Radiation-Sensitizing Agents,https://chem.nlm.nih.gov/chemidplus/rn/850140-72-6
2020-09-21T19:45:49Z,Antineoplastic,https://chem.nlm.nih.gov/chemidplus/rn/850140-73-7
2020-09-21T19:45:49Z,Antineoplastic Agents,https://chem.nlm.nih.gov/chemidplus/rn/850140-73-7
2020-09-21T19:47:12Z,Skin / Eye Irritant,https://chem.nlm.nih.gov/chemidplus/rn/58-36-6
2020-09-21T19:47:12Z,Threshold Planning Quantity (TPQ) = 500/10000 lb,https://chem.nlm.nih.gov/chemidplus/rn/58-36-6
2020-09-21T19:47:19Z,Antiviral (COVID-19),https://chem.nlm.nih.gov/chemidplus/rn/60-33-3
2020-09-21T19:47:19Z,Skin / Eye Irritant,https://chem.nlm.nih.gov/chemidplus/rn/60-33-3
2020-09-21T19:47:53Z,Treatment of Cancer,https://chem.nlm.nih.gov/chemidplus/rn/946415-62-9
2020-09-21T19:51:17Z,Antineoplastic (Monoclonal Antibody),https://chem.nlm.nih.gov/chemidplus/rn/216503-57-0
2020-09-21T19:51:17Z,Antineoplastic Agents,https://chem.nlm.nih.gov/chemidplus/rn/216503-57-0
2020-09-21T19:51:17Z,"Antineoplastic Agents, Immunological",https://chem.nlm.nih.gov/chemidplus/rn/216503-57-0
2020-09-21T19:51:17Z,Antirheumatic Agents,https://chem.nlm.nih.gov/chemidplus/rn/216503-57-0
2020-09-21T19:58:22Z,Angiogenesis Inhibitors,https://chem.nlm.nih.gov/chemidplus/rn/191732-72-6
2020-09-21T19:58:22Z,Angiogenesis Modulating Agents,https://chem.nlm.nih.gov/chemidplus/rn/191732-72-6
2020-09-21T19:58:22Z,Antineoplastic Agents,https://chem.nlm.nih.gov/chemidplus/rn/191732-72-6
2020-09-21T19:58:22Z,Antiviral (COVID-19),https://chem.nlm.nih.gov/chemidplus/rn/191732-72-6
2020-09-21T19:58:22Z,Growth Inhibitors,https://chem.nlm.nih.gov/chemidplus/rn/191732-72-6
2020-09-21T19:58:22Z,Growth Substances,https://chem.nlm.nih.gov/chemidplus/rn/191732-72-6
2020-09-21T19:58:22Z,Immunologic Factors,https://chem.nlm.nih.gov/chemidplus/rn/191732-72-6
2020-09-21T19:58:22Z,"Immunomulator Intended for use in the Treatment of Multiple Myeloma, Myelodysplastic Syndromes, Solid Tumors Including Glioma and Metastatic Melanoma, Crohn's Disease, and Heart Failure",https://chem.nlm.nih.gov/chemidplus/rn/191732-72-6
2020-09-21T19:58:33Z,Angiogenesis Inhibitors,https://chem.nlm.nih.gov/chemidplus/rn/847871-99-2
2020-09-21T19:58:33Z,Angiogenesis Modulating Agents,https://chem.nlm.nih.gov/chemidplus/rn/847871-99-2
2020-09-21T19:58:33Z,Antineoplastic Agents,https://chem.nlm.nih.gov/chemidplus/rn/847871-99-2
2020-09-21T19:58:33Z,Growth Substances,https://chem.nlm.nih.gov/chemidplus/rn/847871-99-2
2020-09-21T19:58:33Z,Immunologic Factors,https://chem.nlm.nih.gov/chemidplus/rn/847871-99-2
2020-09-21T19:59:10Z,Antineoplastic,https://chem.nlm.nih.gov/chemidplus/rn/1187431-43-1
2020-09-21T19:59:10Z,Antineoplastic Agents,https://chem.nlm.nih.gov/chemidplus/rn/1187431-43-1
2020-09-21T19:59:24Z,Antineoplastic,https://chem.nlm.nih.gov/chemidplus/rn/871700-17-3
2020-09-21T19:59:24Z,Antineoplastic Agents,https://chem.nlm.nih.gov/chemidplus/rn/871700-17-3
2020-09-21T19:59:24Z,Enzyme Inhibitors,https://chem.nlm.nih.gov/chemidplus/rn/871700-17-3
2020-09-21T19:59:24Z,Protein Kinase Inhibitors,https://chem.nlm.nih.gov/chemidplus/rn/871700-17-3
2020-09-21T20:04:27Z,Antineoplastic Agents,https://chem.nlm.nih.gov/chemidplus/rn/179324-69-7
2020-09-21T20:04:27Z,Enzyme Inhibitors,https://chem.nlm.nih.gov/chemidplus/rn/179324-69-7
2020-09-21T20:04:27Z,Protease Inhibitors,https://chem.nlm.nih.gov/chemidplus/rn/179324-69-7
2020-09-21T20:04:27Z,"Treatment of Multiple Cancers, Including Multiple Myeloma, Chroniclymphocytic Leukemia, Non-Hodgkins Lymphoma, and Pancreatic, Colon, Lung, and Prostate Cancers (Proteasome Inhibitor)",https://chem.nlm.nih.gov/chemidplus/rn/179324-69-7
2020-09-21T20:07:13Z,Antineoplastic Agents,https://chem.nlm.nih.gov/chemidplus/rn/159351-69-6
2020-09-21T20:07:13Z,Immunologic Factors,https://chem.nlm.nih.gov/chemidplus/rn/159351-69-6
2020-09-21T20:07:13Z,Immunosuppressant,https://chem.nlm.nih.gov/chemidplus/rn/159351-69-6
2020-09-21T20:07:13Z,Immunosuppressive Agents,https://chem.nlm.nih.gov/chemidplus/rn/159351-69-6
2020-09-21T20:10:23Z,Diuretic,https://chem.nlm.nih.gov/chemidplus/rn/652-67-5
2020-09-21T20:10:23Z,Diuretics,https://chem.nlm.nih.gov/chemidplus/rn/652-67-5
2020-09-21T20:10:23Z,"Diuretics, Osmotic",https://chem.nlm.nih.gov/chemidplus/rn/652-67-5
2020-09-21T20:10:23Z,Natriuretic Agents,https://chem.nlm.nih.gov/chemidplus/rn/652-67-5
2020-09-21T20:10:23Z,TSCA Flag PMN (a Commenced PMN (Premanufacture Notice) Substance),https://chem.nlm.nih.gov/chemidplus/rn/652-67-5
2020-09-21T20:11:54Z,Antiviral (COVID-19),https://chem.nlm.nih.gov/chemidplus/rn/6035-45-6
2020-09-21T20:19:03Z,"Antineoplastic (Blocks PDGF Receptor Function, Inhibiting the Growth and Survival of Human Tumor Cells When Administered Intravenously)",https://chem.nlm.nih.gov/chemidplus/rn/75706-12-6
2020-09-21T20:19:03Z,Antirheumatic Agents,https://chem.nlm.nih.gov/chemidplus/rn/75706-12-6
2020-09-21T20:19:03Z,Antiviral (COVID-19),https://chem.nlm.nih.gov/chemidplus/rn/75706-12-6
2020-09-21T20:19:03Z,Drug / Therapeutic Agent,https://chem.nlm.nih.gov/chemidplus/rn/75706-12-6
2020-09-21T20:19:03Z,Enzyme Inhibitors,https://chem.nlm.nih.gov/chemidplus/rn/75706-12-6
2020-09-21T20:19:03Z,Immunologic Factors,https://chem.nlm.nih.gov/chemidplus/rn/75706-12-6
2020-09-21T20:19:03Z,Immunosuppressive Agents,https://chem.nlm.nih.gov/chemidplus/rn/75706-12-6
2020-09-21T20:19:03Z,Used in the Treatment of Rheumatoid Arthritis When Administered Orally,https://chem.nlm.nih.gov/chemidplus/rn/75706-12-6
2020-09-21T20:24:02Z,Antineoplastic,https://chem.nlm.nih.gov/chemidplus/rn/175414-77-4
2020-09-21T20:26:46Z,Chemotherapeutic (Farnesyl Transferase Inhibitor),https://chem.nlm.nih.gov/chemidplus/rn/193275-84-2
2020-09-21T20:26:46Z,Enzyme Inhibitors,https://chem.nlm.nih.gov/chemidplus/rn/193275-84-2
2020-09-21T20:28:18Z,Antineoplastic Agents,https://chem.nlm.nih.gov/chemidplus/rn/915942-22-2
2020-09-21T20:28:42Z,Antineoplastic Agents,https://chem.nlm.nih.gov/chemidplus/rn/960055-56-5
2020-09-21T20:28:42Z,Enzyme Inhibitors,https://chem.nlm.nih.gov/chemidplus/rn/960055-56-5
2020-09-21T20:28:42Z,Histone Deacetylase Inhibitors,https://chem.nlm.nih.gov/chemidplus/rn/960055-56-5
2020-09-21T20:36:30Z,Antineoplastic Agents,https://chem.nlm.nih.gov/chemidplus/rn/1257044-40-8
2020-09-21T20:38:17Z,Treatment of Solid and Hematological Tumors,https://chem.nlm.nih.gov/chemidplus/rn/75747-14-7
2020-09-21T20:40:28Z,Agricultural Chemical,https://chem.nlm.nih.gov/chemidplus/rn/98-95-3
2020-09-21T20:40:28Z,Human Data,https://chem.nlm.nih.gov/chemidplus/rn/98-95-3
2020-09-21T20:40:28Z,Insecticide,https://chem.nlm.nih.gov/chemidplus/rn/98-95-3
2020-09-21T20:40:28Z,Mutation Data,https://chem.nlm.nih.gov/chemidplus/rn/98-95-3
2020-09-21T20:40:28Z,Reproductive Effect,https://chem.nlm.nih.gov/chemidplus/rn/98-95-3
2020-09-21T20:40:28Z,Skin / Eye Irritant,https://chem.nlm.nih.gov/chemidplus/rn/98-95-3
2020-09-21T20:40:28Z,Tumor Data,https://chem.nlm.nih.gov/chemidplus/rn/98-95-3
2020-09-21T20:40:28Z,Overall Carcinogenic Evaluation: Group 2B,https://chem.nlm.nih.gov/chemidplus/rn/98-95-3
2020-09-21T20:40:28Z,Reportable Quantity (RQ) = 1000 lb,https://chem.nlm.nih.gov/chemidplus/rn/98-95-3
2020-09-21T20:40:28Z,Threshold Planning Quantity (TPQ) = 10000 lb,https://chem.nlm.nih.gov/chemidplus/rn/98-95-3
2020-09-21T20:40:28Z,TWA (1 ppm); skin; Confirmed animal carcinogen with unknown relevance to humans; BEI,https://chem.nlm.nih.gov/chemidplus/rn/98-95-3
2020-09-21T20:40:28Z,TWA 1 ppm (5 mg/m3); skin,https://chem.nlm.nih.gov/chemidplus/rn/98-95-3
2020-09-21T20:43:03Z,Antineoplastic,https://chem.nlm.nih.gov/chemidplus/rn/641571-10-0
2020-09-21T20:43:03Z,Antineoplastic Agents,https://chem.nlm.nih.gov/chemidplus/rn/641571-10-0
2020-09-21T20:48:42Z,Antineoplastic (mTOR Inhibitor),https://chem.nlm.nih.gov/chemidplus/rn/162635-04-3
2020-09-21T20:55:53Z,Bone Resorption Inhibitor,https://chem.nlm.nih.gov/chemidplus/rn/57248-88-1
2020-09-21T20:55:53Z,Drug / Therapeutic Agent,https://chem.nlm.nih.gov/chemidplus/rn/57248-88-1
2020-09-21T20:55:53Z,Human Data,https://chem.nlm.nih.gov/chemidplus/rn/57248-88-1
2020-09-21T20:55:53Z,Reproductive Effect,https://chem.nlm.nih.gov/chemidplus/rn/57248-88-1
2020-09-21T21:11:46Z,Alkylating Agents,https://chem.nlm.nih.gov/chemidplus/rn/2998-57-4
2020-09-21T21:11:46Z,Antineoplastic,https://chem.nlm.nih.gov/chemidplus/rn/2998-57-4
2020-09-21T21:11:46Z,Antineoplastic Agents,https://chem.nlm.nih.gov/chemidplus/rn/2998-57-4
2020-09-21T21:11:46Z,"Antineoplastic Agents, Alkylating",https://chem.nlm.nih.gov/chemidplus/rn/2998-57-4
2020-09-21T21:11:46Z,"Antineoplastic Agents, Hormonal",https://chem.nlm.nih.gov/chemidplus/rn/2998-57-4
2020-09-21T21:11:46Z,Mutation Data,https://chem.nlm.nih.gov/chemidplus/rn/2998-57-4
2020-09-21T21:11:46Z,Noxae,https://chem.nlm.nih.gov/chemidplus/rn/2998-57-4
2020-09-21T21:13:56Z,Treatment of Cancer,https://chem.nlm.nih.gov/chemidplus/rn/905703-97-1
2020-09-21T21:22:27Z,Agricultural Chemical,https://chem.nlm.nih.gov/chemidplus/rn/119-38-0
2020-09-21T21:22:27Z,"Fungicide, Bactericide, Wood Preservative",https://chem.nlm.nih.gov/chemidplus/rn/119-38-0
2020-09-21T21:22:27Z,Insecticide,https://chem.nlm.nih.gov/chemidplus/rn/119-38-0
2020-09-21T21:22:27Z,Mutation Data,https://chem.nlm.nih.gov/chemidplus/rn/119-38-0
2020-09-21T21:22:27Z,Out-Dated Pesticide,https://chem.nlm.nih.gov/chemidplus/rn/119-38-0
2020-09-21T21:22:27Z,Tumor Data,https://chem.nlm.nih.gov/chemidplus/rn/119-38-0
2020-09-21T21:22:27Z,Threshold Planning Quantity (TPQ) = 500 lb,https://chem.nlm.nih.gov/chemidplus/rn/119-38-0
2020-09-21T21:22:41Z,Human Data,https://chem.nlm.nih.gov/chemidplus/rn/141-79-7
2020-09-21T21:22:41Z,Skin / Eye Irritant,https://chem.nlm.nih.gov/chemidplus/rn/141-79-7
2020-09-21T21:22:41Z,TWA (15 ppm); STEL (25 ppm),https://chem.nlm.nih.gov/chemidplus/rn/141-79-7
2020-09-21T21:22:41Z,TWA 25 ppm (100 mg/m3),https://chem.nlm.nih.gov/chemidplus/rn/141-79-7
2020-09-21T21:24:20Z,Antineoplastic Agents,https://chem.nlm.nih.gov/chemidplus/rn/91421-43-1
2020-09-21T21:34:42Z,Antineoplastic Agents,https://chem.nlm.nih.gov/chemidplus/rn/154229-18-2
2020-09-21T21:34:42Z,Castration-Resistant Prostate Cancer,https://chem.nlm.nih.gov/chemidplus/rn/154229-18-2
2020-09-21T21:34:42Z,Cytochrome P-450 Enzyme Inhibitors,https://chem.nlm.nih.gov/chemidplus/rn/154229-18-2
2020-09-21T21:34:42Z,Enzyme Inhibitors,https://chem.nlm.nih.gov/chemidplus/rn/154229-18-2
2020-09-21T21:34:42Z,Hormone Antagonists,https://chem.nlm.nih.gov/chemidplus/rn/154229-18-2
2020-09-21T21:34:42Z,"Hormones, Hormone Substitutes, and Hormone Antagonists",https://chem.nlm.nih.gov/chemidplus/rn/154229-18-2
2020-09-21T21:34:42Z,Metabolic Side Effects of Drugs and Substances,https://chem.nlm.nih.gov/chemidplus/rn/154229-18-2
2020-09-21T21:34:42Z,Steroid Synthesis Inhibitors,https://chem.nlm.nih.gov/chemidplus/rn/154229-18-2
2020-09-21T21:42:17Z,Antineoplastic Agents,https://chem.nlm.nih.gov/chemidplus/rn/915296-00-3
2020-09-21T21:42:17Z,Treatment of Cancer,https://chem.nlm.nih.gov/chemidplus/rn/915296-00-3
2020-09-21T21:46:19Z,Treatment of Cancer,https://chem.nlm.nih.gov/chemidplus/rn/2079108-44-2
2020-09-21T21:51:19Z,Antineoplastic,https://chem.nlm.nih.gov/chemidplus/rn/127-07-1
2020-09-21T21:51:19Z,Antineoplastic Agents,https://chem.nlm.nih.gov/chemidplus/rn/127-07-1
2020-09-21T21:51:19Z,Antisickling Agents,https://chem.nlm.nih.gov/chemidplus/rn/127-07-1
2020-09-21T21:51:19Z,Drug / Therapeutic Agent,https://chem.nlm.nih.gov/chemidplus/rn/127-07-1
2020-09-21T21:51:19Z,Enzyme Inhibitors,https://chem.nlm.nih.gov/chemidplus/rn/127-07-1
2020-09-21T21:51:19Z,Hematologic Agents,https://chem.nlm.nih.gov/chemidplus/rn/127-07-1
2020-09-21T21:51:19Z,Human Data,https://chem.nlm.nih.gov/chemidplus/rn/127-07-1
2020-09-21T21:51:19Z,Mutation Data,https://chem.nlm.nih.gov/chemidplus/rn/127-07-1
2020-09-21T21:51:19Z,Nucleic Acid Synthesis Inhibitors,https://chem.nlm.nih.gov/chemidplus/rn/127-07-1
2020-09-21T21:51:19Z,Reproductive Effect,https://chem.nlm.nih.gov/chemidplus/rn/127-07-1
2020-09-21T21:51:19Z,Skin / Eye Irritant,https://chem.nlm.nih.gov/chemidplus/rn/127-07-1
2020-09-21T21:51:19Z,Tumor Data,https://chem.nlm.nih.gov/chemidplus/rn/127-07-1
2020-09-21T21:59:05Z,Antiviral (COVID-19),https://chem.nlm.nih.gov/chemidplus/rn/76-60-8
2020-09-21T21:59:05Z,Indicators and Reagents,https://chem.nlm.nih.gov/chemidplus/rn/76-60-8
2020-09-21T21:59:05Z,Mutation Data,https://chem.nlm.nih.gov/chemidplus/rn/76-60-8
2020-09-21T22:03:03Z,Antineoplastic Agents,https://chem.nlm.nih.gov/chemidplus/rn/870281-82-6
2020-09-21T22:03:03Z,Enzyme Inhibitors,https://chem.nlm.nih.gov/chemidplus/rn/870281-82-6
2020-09-21T22:16:42Z,Antineoplastic,https://chem.nlm.nih.gov/chemidplus/rn/1186210-24-1
2020-09-21T22:33:30Z,Alkylating Agents,https://chem.nlm.nih.gov/chemidplus/rn/52-24-4
2020-09-21T22:33:30Z,Antineoplastic,https://chem.nlm.nih.gov/chemidplus/rn/52-24-4
2020-09-21T22:33:30Z,Antineoplastic Agents,https://chem.nlm.nih.gov/chemidplus/rn/52-24-4
2020-09-21T22:33:30Z,"Antineoplastic Agents, Alkylating",https://chem.nlm.nih.gov/chemidplus/rn/52-24-4
2020-09-21T22:33:30Z,Drug / Therapeutic Agent,https://chem.nlm.nih.gov/chemidplus/rn/52-24-4
2020-09-21T22:33:30Z,Human Data,https://chem.nlm.nih.gov/chemidplus/rn/52-24-4
2020-09-21T22:33:30Z,Immunologic Factors,https://chem.nlm.nih.gov/chemidplus/rn/52-24-4
2020-09-21T22:33:30Z,Immunosuppressive Agents,https://chem.nlm.nih.gov/chemidplus/rn/52-24-4
2020-09-21T22:33:30Z,Mutation Data,https://chem.nlm.nih.gov/chemidplus/rn/52-24-4
2020-09-21T22:33:30Z,Myeloablative Agonists,https://chem.nlm.nih.gov/chemidplus/rn/52-24-4
2020-09-21T22:33:30Z,Noxae,https://chem.nlm.nih.gov/chemidplus/rn/52-24-4
2020-09-21T22:33:30Z,Reproductive Effect,https://chem.nlm.nih.gov/chemidplus/rn/52-24-4
2020-09-21T22:33:30Z,Skin / Eye Irritant,https://chem.nlm.nih.gov/chemidplus/rn/52-24-4
2020-09-21T22:33:30Z,Tumor Data,https://chem.nlm.nih.gov/chemidplus/rn/52-24-4
2020-09-21T22:33:30Z,Known to be a Carcinogen,https://chem.nlm.nih.gov/chemidplus/rn/52-24-4
2020-09-21T22:33:30Z,Overall Carcinogenic Evaluation: Group 1,https://chem.nlm.nih.gov/chemidplus/rn/52-24-4
2020-09-21T22:35:03Z,Antimetabolites,https://chem.nlm.nih.gov/chemidplus/rn/154361-50-9
2020-09-21T22:35:03Z,"Antimetabolites, Antineoplastic",https://chem.nlm.nih.gov/chemidplus/rn/154361-50-9
2020-09-21T22:35:03Z,Antineoplastic,https://chem.nlm.nih.gov/chemidplus/rn/154361-50-9
2020-09-21T22:35:03Z,Antineoplastic Agents,https://chem.nlm.nih.gov/chemidplus/rn/154361-50-9
2020-09-21T22:35:03Z,Noxae,https://chem.nlm.nih.gov/chemidplus/rn/154361-50-9
2020-09-21T22:38:24Z,Antimitotic Agents,https://chem.nlm.nih.gov/chemidplus/rn/33069-62-4
2020-09-21T22:38:24Z,Antineoplastic,https://chem.nlm.nih.gov/chemidplus/rn/33069-62-4
2020-09-21T22:38:24Z,Antineoplastic Agents,https://chem.nlm.nih.gov/chemidplus/rn/33069-62-4
2020-09-21T22:38:24Z,"Antineoplastic Agents, Phytogenic",https://chem.nlm.nih.gov/chemidplus/rn/33069-62-4
2020-09-21T22:38:24Z,Drug / Therapeutic Agent,https://chem.nlm.nih.gov/chemidplus/rn/33069-62-4
2020-09-21T22:38:24Z,Human Data,https://chem.nlm.nih.gov/chemidplus/rn/33069-62-4
2020-09-21T22:38:24Z,Mitosis Modulators,https://chem.nlm.nih.gov/chemidplus/rn/33069-62-4
2020-09-21T22:38:24Z,Reproductive Effect,https://chem.nlm.nih.gov/chemidplus/rn/33069-62-4
2020-09-21T22:38:24Z,Tubulin Modulators,https://chem.nlm.nih.gov/chemidplus/rn/33069-62-4
2020-09-21T22:40:29Z,Antineoplastic Agents,https://chem.nlm.nih.gov/chemidplus/rn/896723-44-7
2020-09-21T22:40:29Z,Treatment of Cancer,https://chem.nlm.nih.gov/chemidplus/rn/896723-44-7
2020-09-21T22:40:59Z,Antineoplastic Agents,https://chem.nlm.nih.gov/chemidplus/rn/949142-50-1
2020-09-21T22:40:59Z,"Antineoplastic Agents, Immunological",https://chem.nlm.nih.gov/chemidplus/rn/949142-50-1
2020-09-21T22:40:59Z,"Treatment of Lymphoma, Oncology",https://chem.nlm.nih.gov/chemidplus/rn/949142-50-1
2020-09-21T22:44:55Z,Antineoplastic; Immunomodulator,https://chem.nlm.nih.gov/chemidplus/rn/2148354-90-7
2020-09-21T22:46:09Z,Antineoplastic,https://chem.nlm.nih.gov/chemidplus/rn/918633-87-1
2020-09-21T22:46:09Z,Antineoplastic Agents,https://chem.nlm.nih.gov/chemidplus/rn/918633-87-1
2020-09-21T22:53:22Z,Treatment of Cancer,https://chem.nlm.nih.gov/chemidplus/rn/1509916-03-3
2020-09-21T22:54:57Z,Oncological Diseases,https://chem.nlm.nih.gov/chemidplus/rn/640735-09-7
2020-09-21T22:54:57Z,Treatment of Relapsed or Refractory CD30 Positive Lymphoma Including Hodgkin's Disease,https://chem.nlm.nih.gov/chemidplus/rn/640735-09-7
