nas_datetime,rn_url,concept_synonym_type,concept_synonym_name
2020-09-21T15:15:56Z,https://chem.nlm.nih.gov/chemidplus/rn/2152628-33-4,Results Name,Selpercatinib [INN]
2020-09-21T15:15:56Z,https://chem.nlm.nih.gov/chemidplus/rn/2152628-33-4,Name of Substance,Selpercatinib
2020-09-21T15:15:56Z,https://chem.nlm.nih.gov/chemidplus/rn/2152628-33-4,Name of Substance,Selpercatinib [USAN]
2020-09-21T15:15:56Z,https://chem.nlm.nih.gov/chemidplus/rn/2152628-33-4,Synonyms,"6-(2-Hydroxy-2-methylpropoxy)-4-(6-(6-((6-methoxypyridin-3-yl)methyl)-3,6-diazabicyclo(3.1.1)heptan-3-yl)pyridin-3-yl)pyrazolo(1,5-a)pyridine-3-carbonitrile"
2020-09-21T15:15:56Z,https://chem.nlm.nih.gov/chemidplus/rn/2152628-33-4,Synonyms,LOXO-292
2020-09-21T15:15:56Z,https://chem.nlm.nih.gov/chemidplus/rn/2152628-33-4,Synonyms,"Pyrazolo(1,5-a)pyridine-3-carbonitrile, 6-(2-hydroxy-2-methylpropoxy)-4-(6-(6-((6-methoxy-3-pyridinyl)methyl)-3,6-diazabicyclo(3.1.1)hept-3-yl)-3-pyridinyl)-"
2020-09-21T15:15:56Z,https://chem.nlm.nih.gov/chemidplus/rn/2152628-33-4,Synonyms,Selpercatinib
2020-09-21T15:15:56Z,https://chem.nlm.nih.gov/chemidplus/rn/2152628-33-4,Synonyms,Selpercatinib [INN]
2020-09-21T15:15:56Z,https://chem.nlm.nih.gov/chemidplus/rn/2152628-33-4,Synonyms,UNII-CEGM9YBNGD
2020-09-21T15:15:56Z,https://chem.nlm.nih.gov/chemidplus/rn/2152628-33-4,Synonyms,WHO 10967
2020-09-21T16:30:47Z,https://chem.nlm.nih.gov/chemidplus/rn/56-65-5,Results Name,Adenosine triphosphate
2020-09-21T16:30:47Z,https://chem.nlm.nih.gov/chemidplus/rn/56-65-5,Name of Substance,Adenosine triphosphate
2020-09-21T16:30:47Z,https://chem.nlm.nih.gov/chemidplus/rn/56-65-5,Name of Substance,"Adenosine, 5'-(tetrahydrogen triphosphate)"
2020-09-21T16:30:47Z,https://chem.nlm.nih.gov/chemidplus/rn/56-65-5,MeSH Heading,Adenosine triphosphate
2020-09-21T16:30:47Z,https://chem.nlm.nih.gov/chemidplus/rn/56-65-5,Synonyms,5'-Atp
2020-09-21T16:30:47Z,https://chem.nlm.nih.gov/chemidplus/rn/56-65-5,Synonyms,9-beta-D-Arabinofuranosyladenine 5'-triphosphate
2020-09-21T16:30:47Z,https://chem.nlm.nih.gov/chemidplus/rn/56-65-5,Synonyms,Adenosine 5'-triphosphate
2020-09-21T16:30:47Z,https://chem.nlm.nih.gov/chemidplus/rn/56-65-5,Synonyms,Adenosine 5'-triphosphoric acid
2020-09-21T16:30:47Z,https://chem.nlm.nih.gov/chemidplus/rn/56-65-5,Synonyms,Adenosine triphosphate
2020-09-21T16:30:47Z,https://chem.nlm.nih.gov/chemidplus/rn/56-65-5,Synonyms,Adenosintriphosphorsaeure
2020-09-21T16:30:47Z,https://chem.nlm.nih.gov/chemidplus/rn/56-65-5,Synonyms,Adenylpyrophosphoric acid
2020-09-21T16:30:47Z,https://chem.nlm.nih.gov/chemidplus/rn/56-65-5,Synonyms,Adephos
2020-09-21T16:30:47Z,https://chem.nlm.nih.gov/chemidplus/rn/56-65-5,Synonyms,Adetol
2020-09-21T16:30:47Z,https://chem.nlm.nih.gov/chemidplus/rn/56-65-5,Synonyms,Ado-5'-P-P-P
2020-09-21T16:30:47Z,https://chem.nlm.nih.gov/chemidplus/rn/56-65-5,Synonyms,Adynol
2020-09-21T16:30:47Z,https://chem.nlm.nih.gov/chemidplus/rn/56-65-5,Synonyms,Ara-ATP
2020-09-21T16:30:47Z,https://chem.nlm.nih.gov/chemidplus/rn/56-65-5,Synonyms,Atipi
2020-09-21T16:30:47Z,https://chem.nlm.nih.gov/chemidplus/rn/56-65-5,Synonyms,ATP
2020-09-21T16:30:47Z,https://chem.nlm.nih.gov/chemidplus/rn/56-65-5,Synonyms,ATP (nucleotide)
2020-09-21T16:30:47Z,https://chem.nlm.nih.gov/chemidplus/rn/56-65-5,Synonyms,Atriphos
2020-09-21T16:30:47Z,https://chem.nlm.nih.gov/chemidplus/rn/56-65-5,Synonyms,EINECS 200-283-2
2020-09-21T16:30:47Z,https://chem.nlm.nih.gov/chemidplus/rn/56-65-5,Synonyms,Glucobasin
2020-09-21T16:30:47Z,https://chem.nlm.nih.gov/chemidplus/rn/56-65-5,Synonyms,Myotriphos
2020-09-21T16:30:47Z,https://chem.nlm.nih.gov/chemidplus/rn/56-65-5,Synonyms,Striadyne
2020-09-21T16:30:47Z,https://chem.nlm.nih.gov/chemidplus/rn/56-65-5,Synonyms,Triadenyl
2020-09-21T16:30:47Z,https://chem.nlm.nih.gov/chemidplus/rn/56-65-5,Synonyms,Triphosaden
2020-09-21T16:30:47Z,https://chem.nlm.nih.gov/chemidplus/rn/56-65-5,Synonyms,Triphosphaden
2020-09-21T16:30:47Z,https://chem.nlm.nih.gov/chemidplus/rn/56-65-5,Synonyms,Triphosphoric acid adenosine ester
2020-09-21T16:30:47Z,https://chem.nlm.nih.gov/chemidplus/rn/56-65-5,Synonyms,UNII-8L70Q75FXE
2020-09-21T16:30:47Z,https://chem.nlm.nih.gov/chemidplus/rn/56-65-5,Systematic Names,Adenosine 5'-(tetrahydrogen triphosphate)
2020-09-21T16:30:47Z,https://chem.nlm.nih.gov/chemidplus/rn/56-65-5,Systematic Names,Adenosine 5'-triphosphate
2020-09-21T16:31:45Z,https://chem.nlm.nih.gov/chemidplus/rn/137605-02-8,Name of Substance,Bromorebeccamycin
2020-09-21T16:31:45Z,https://chem.nlm.nih.gov/chemidplus/rn/137605-02-8,Systematic Name,"5H-Indolo(2,3-a)pyrrolo(3,4-c)carbazole-5,7(6H)-dione, 1,11-dibromo-12,13-dihydro-12-(4-O-methyl-beta-D-glucopyranosyl)-"
2020-09-21T16:31:52Z,https://chem.nlm.nih.gov/chemidplus/rn/93908-02-2,Name of Substance,Rebeccamycin
2020-09-21T16:31:52Z,https://chem.nlm.nih.gov/chemidplus/rn/93908-02-2,Synonyms,BRN 4732638
2020-09-21T16:31:52Z,https://chem.nlm.nih.gov/chemidplus/rn/93908-02-2,Synonyms,NSC 359079
2020-09-21T16:31:52Z,https://chem.nlm.nih.gov/chemidplus/rn/93908-02-2,Synonyms,Rebeccamycin
2020-09-21T16:31:52Z,https://chem.nlm.nih.gov/chemidplus/rn/93908-02-2,Synonyms,UNII-Y96MQM21V9
2020-09-21T16:31:52Z,https://chem.nlm.nih.gov/chemidplus/rn/93908-02-2,Systematic Name,"5H-Indolo(2,3-a)pyrrolo(3,4-c)carbazole-5,7(6H)-dione, 1,11-dichloro-12,13-dihydro-12-(4-O-methyl-beta-D-glucopyranosyl)-"
2020-09-21T16:32:03Z,https://chem.nlm.nih.gov/chemidplus/rn/112887-68-0,Results Name,Raltitrexed
2020-09-21T16:32:03Z,https://chem.nlm.nih.gov/chemidplus/rn/112887-68-0,Name of Substance,Raltitrexed [USAN:INN:BAN]
2020-09-21T16:32:03Z,https://chem.nlm.nih.gov/chemidplus/rn/112887-68-0,Synonyms,D 1694
2020-09-21T16:32:03Z,https://chem.nlm.nih.gov/chemidplus/rn/112887-68-0,Synonyms,D-1694
2020-09-21T16:32:03Z,https://chem.nlm.nih.gov/chemidplus/rn/112887-68-0,Synonyms,D1694
2020-09-21T16:32:03Z,https://chem.nlm.nih.gov/chemidplus/rn/112887-68-0,Synonyms,ICI-D1694
2020-09-21T16:32:03Z,https://chem.nlm.nih.gov/chemidplus/rn/112887-68-0,Synonyms,"L-Glutamic acid, N-((5-(((1,4-dihydro-2-methyl-4-oxo-6-quinazolinyl)methyl)methylamino)-2-thienyl)carbonyl)-"
2020-09-21T16:32:03Z,https://chem.nlm.nih.gov/chemidplus/rn/112887-68-0,Synonyms,"N-(5-(((3,4-Dihydro-2-methyl-4-oxo-6-quinazolinyl)methyl)methylamino)-2-thenoyl)-L-glutamic acid"
2020-09-21T16:32:03Z,https://chem.nlm.nih.gov/chemidplus/rn/112887-68-0,Synonyms,"N-(5-(N-(3,4-Dihydro-2-methyl-4-oxoquinazolin-6-ylmethyl)-N-methylamino)-2-thenoyl)-L-glutamic acid"
2020-09-21T16:32:03Z,https://chem.nlm.nih.gov/chemidplus/rn/112887-68-0,Synonyms,Raltitrexed
2020-09-21T16:32:03Z,https://chem.nlm.nih.gov/chemidplus/rn/112887-68-0,Synonyms,Tomudex
2020-09-21T16:32:03Z,https://chem.nlm.nih.gov/chemidplus/rn/112887-68-0,Synonyms,UNII-FCB9EGG971
2020-09-21T16:32:03Z,https://chem.nlm.nih.gov/chemidplus/rn/112887-68-0,Synonyms,ZD 1694
2020-09-21T16:32:03Z,https://chem.nlm.nih.gov/chemidplus/rn/112887-68-0,Synonyms,ZD1694
2020-09-21T16:32:03Z,https://chem.nlm.nih.gov/chemidplus/rn/112887-68-0,Systematic Name,"L-Glutamic acid, N-((5-(((1,4-dihydro-2-methyl-4-oxo-6-quinazolinyl)methyl)methylamino)-2-thienyl)carbonyl)-"
2020-09-21T16:33:36Z,https://chem.nlm.nih.gov/chemidplus/rn/4299-28-9,Name of Substance,Tetrahydromethotrexate
2020-09-21T16:33:36Z,https://chem.nlm.nih.gov/chemidplus/rn/4299-28-9,Synonyms,NSC 526044
2020-09-21T16:33:36Z,https://chem.nlm.nih.gov/chemidplus/rn/4299-28-9,Synonyms,Tetrahydroamethopterin
2020-09-21T16:33:36Z,https://chem.nlm.nih.gov/chemidplus/rn/4299-28-9,Systematic Name,"L-Glutamic acid, N-(4-(((2,4-diamino-5,6,7,8-tetrahydro-6-pteridinyl)methyl)methylamino)benzoyl)-"
2020-09-21T16:33:43Z,https://chem.nlm.nih.gov/chemidplus/rn/528-74-5,Results Name,Dichloromethotrexate
2020-09-21T16:33:43Z,https://chem.nlm.nih.gov/chemidplus/rn/528-74-5,Name of Substance,"3',5'-Dichloromethotrexate"
2020-09-21T16:33:43Z,https://chem.nlm.nih.gov/chemidplus/rn/528-74-5,Synonyms,"3',5'-Dichloro-4-amino-4-deoxy-N(sup 10)-methylpteroglutamic acid"
2020-09-21T16:33:43Z,https://chem.nlm.nih.gov/chemidplus/rn/528-74-5,Synonyms,"3',5'-Dichloro-4-amino-4-deoxy-N(sup10)-methylpteroglutamic acid"
2020-09-21T16:33:43Z,https://chem.nlm.nih.gov/chemidplus/rn/528-74-5,Synonyms,"3',5'-Dichloroamethopterin"
2020-09-21T16:33:43Z,https://chem.nlm.nih.gov/chemidplus/rn/528-74-5,Synonyms,"3',5'-Dichloromethotrexate"
2020-09-21T16:33:43Z,https://chem.nlm.nih.gov/chemidplus/rn/528-74-5,Synonyms,3988 B 129-4
2020-09-21T16:33:43Z,https://chem.nlm.nih.gov/chemidplus/rn/528-74-5,Synonyms,3988-B-129-4
2020-09-21T16:33:43Z,https://chem.nlm.nih.gov/chemidplus/rn/528-74-5,Synonyms,4-26-00-03834 (Beilstein Handbook Reference)
2020-09-21T16:33:43Z,https://chem.nlm.nih.gov/chemidplus/rn/528-74-5,Synonyms,"Amethopterin, 3',5'-dichloro-"
2020-09-21T16:33:43Z,https://chem.nlm.nih.gov/chemidplus/rn/528-74-5,Synonyms,BRN 0073523
2020-09-21T16:33:43Z,https://chem.nlm.nih.gov/chemidplus/rn/528-74-5,Synonyms,CCRIS 4602
2020-09-21T16:33:43Z,https://chem.nlm.nih.gov/chemidplus/rn/528-74-5,Synonyms,Dichloroamethopterin
2020-09-21T16:33:43Z,https://chem.nlm.nih.gov/chemidplus/rn/528-74-5,Synonyms,Dichloromethotrexate
2020-09-21T16:33:43Z,https://chem.nlm.nih.gov/chemidplus/rn/528-74-5,Synonyms,"Methotrexate, dichloro-"
2020-09-21T16:33:43Z,https://chem.nlm.nih.gov/chemidplus/rn/528-74-5,Synonyms,"N-(3,5-Dichloro-4-((2,4-diamino-6-pteridinylmethyl)methylamino)benzoyl)glutamic acid"
2020-09-21T16:33:43Z,https://chem.nlm.nih.gov/chemidplus/rn/528-74-5,Synonyms,NCI-C04875
2020-09-21T16:33:43Z,https://chem.nlm.nih.gov/chemidplus/rn/528-74-5,Synonyms,NSC 29630
2020-09-21T16:33:43Z,https://chem.nlm.nih.gov/chemidplus/rn/528-74-5,Synonyms,NSC-29630
2020-09-21T16:33:43Z,https://chem.nlm.nih.gov/chemidplus/rn/528-74-5,Synonyms,UNII-29NS58S465
2020-09-21T16:33:43Z,https://chem.nlm.nih.gov/chemidplus/rn/528-74-5,Systematic Names,Dichloromethotrexate
2020-09-21T16:33:43Z,https://chem.nlm.nih.gov/chemidplus/rn/528-74-5,Systematic Names,"Glutamic acid, N-(3,5-dichloro-4-(((2,4-diamino-6-pteridinyl)methyl)methylamino)benzoyl)-"
2020-09-21T16:33:43Z,https://chem.nlm.nih.gov/chemidplus/rn/528-74-5,Systematic Names,"Glutamic acid, N-(3,5-dichloro-4-(((2,4-diamino-6-pteridinyl)methyl)methylamino)benzoyl)-, L- (8CI)"
2020-09-21T16:33:43Z,https://chem.nlm.nih.gov/chemidplus/rn/528-74-5,Systematic Names,"L-Glutamic acid, N-(3,5-dichloro-4-(((2,4-diamino-6-pteridinyl)methyl)methylamino)benzoyl)-"
2020-09-21T16:33:43Z,https://chem.nlm.nih.gov/chemidplus/rn/528-74-5,Systematic Names,"L-Glutamic acid, N-(3,5-dichloro-4-(((2,4-diamino-6-pteridinyl)methyl)methylamino)benzoyl)- (9CI)"
2020-09-21T16:33:50Z,https://chem.nlm.nih.gov/chemidplus/rn/5472-96-8,Name of Substance,3'-Chloromethotrexate
2020-09-21T16:33:50Z,https://chem.nlm.nih.gov/chemidplus/rn/5472-96-8,Synonyms,3'-Chloroamethopterin
2020-09-21T16:33:50Z,https://chem.nlm.nih.gov/chemidplus/rn/5472-96-8,Synonyms,3'-Cloromethotrexate
2020-09-21T16:33:50Z,https://chem.nlm.nih.gov/chemidplus/rn/5472-96-8,Synonyms,AI3-50533
2020-09-21T16:33:50Z,https://chem.nlm.nih.gov/chemidplus/rn/5472-96-8,Synonyms,NSC 29631
2020-09-21T16:33:50Z,https://chem.nlm.nih.gov/chemidplus/rn/5472-96-8,Synonyms,SKI 23338
2020-09-21T16:33:50Z,https://chem.nlm.nih.gov/chemidplus/rn/5472-96-8,Systematic Names,"Glutamic acid, N-(3-chloro(((2,4-diamino-6-pteridinyl)methyl)methylamino)benzoyl)-, L- (P)- (8CI)"
2020-09-21T16:33:50Z,https://chem.nlm.nih.gov/chemidplus/rn/5472-96-8,Systematic Names,"L-Glutamic acid, N-(3-chloro-4-(((2,4-diamino-6-pteridinyl)methyl)methylamino)benzoyl)-"
2020-09-21T16:33:50Z,https://chem.nlm.nih.gov/chemidplus/rn/5472-96-8,Systematic Names,"L-Glutamic acid, N-(3-chloro-4-(((2,4-diamino-6-pterinyl)methyl)methylamino)benzoyl)- (9CI)"
2020-09-21T16:33:57Z,https://chem.nlm.nih.gov/chemidplus/rn/751-75-7,Name of Substance,7-Hydroxydichloromethotrexate
2020-09-21T16:33:57Z,https://chem.nlm.nih.gov/chemidplus/rn/751-75-7,Synonym,7-Hdcm
2020-09-21T16:33:57Z,https://chem.nlm.nih.gov/chemidplus/rn/751-75-7,Systematic Name,"L-Glutamic acid, N-(3,5-dichloro-4-(((2,4-diamino-1,7-dihydro-7-oxo-6-pteridinyl)methyl)methylamino)benzoyl)-"
2020-09-21T16:34:12Z,https://chem.nlm.nih.gov/chemidplus/rn/918504-65-1,Name of Substance,Vemurafenib [USAN:INN]
2020-09-21T16:34:12Z,https://chem.nlm.nih.gov/chemidplus/rn/918504-65-1,MeSH Heading,Vemurafenib
2020-09-21T16:34:12Z,https://chem.nlm.nih.gov/chemidplus/rn/918504-65-1,Synonyms,HSDB 8143
2020-09-21T16:34:12Z,https://chem.nlm.nih.gov/chemidplus/rn/918504-65-1,Synonyms,"N-(3-((5-(4-Chlorophenyl)-1H-pyrrolo(2,3-b)pyridin-3-yl)carbonyl)-2,4- difluorophenyl)propane-1-sulfonamide"
2020-09-21T16:34:12Z,https://chem.nlm.nih.gov/chemidplus/rn/918504-65-1,Synonyms,PLX 4032
2020-09-21T16:34:12Z,https://chem.nlm.nih.gov/chemidplus/rn/918504-65-1,Synonyms,PLX-4032
2020-09-21T16:34:12Z,https://chem.nlm.nih.gov/chemidplus/rn/918504-65-1,Synonyms,PLX4032
2020-09-21T16:34:12Z,https://chem.nlm.nih.gov/chemidplus/rn/918504-65-1,Synonyms,RG 7204
2020-09-21T16:34:12Z,https://chem.nlm.nih.gov/chemidplus/rn/918504-65-1,Synonyms,Ro 51-85426
2020-09-21T16:34:12Z,https://chem.nlm.nih.gov/chemidplus/rn/918504-65-1,Synonyms,RO 5185426
2020-09-21T16:34:12Z,https://chem.nlm.nih.gov/chemidplus/rn/918504-65-1,Synonyms,UNII-207SMY3FQT
2020-09-21T16:34:12Z,https://chem.nlm.nih.gov/chemidplus/rn/918504-65-1,Synonyms,Vemurafenib
2020-09-21T16:34:12Z,https://chem.nlm.nih.gov/chemidplus/rn/918504-65-1,Synonyms,Zelboraf
2020-09-21T16:34:12Z,https://chem.nlm.nih.gov/chemidplus/rn/918504-65-1,Systematic Names,"1-Propanesulfonamide, N-(3-((5-(4-chlorophenyl)-1H-pyrrolo(2,3-b)pyridin-3- yl)carbonyl)-2,4-difluorophenyl)-"
2020-09-21T16:34:12Z,https://chem.nlm.nih.gov/chemidplus/rn/918504-65-1,Systematic Names,"N-(3-{(5-(4-chlorophenyl)-1H-pyrrolo(2,3-b)pyridin-3-yl)carbonyl}-2,4- difluorophenyl)propane-1-sulfonamide"
2020-09-21T16:34:41Z,https://chem.nlm.nih.gov/chemidplus/rn/572924-54-0,Results Name,Ridaforolimus [USAN:INN]
2020-09-21T16:34:41Z,https://chem.nlm.nih.gov/chemidplus/rn/572924-54-0,Name of Substance,Ridaforolimus
2020-09-21T16:34:41Z,https://chem.nlm.nih.gov/chemidplus/rn/572924-54-0,Name of Substance,Ridaforolimus [USAN:INN]
2020-09-21T16:34:41Z,https://chem.nlm.nih.gov/chemidplus/rn/572924-54-0,Synonyms,"(1R,9S,12S,15R,16E,18R,19R,21R,23S,24E,26E,28E,30S,32S,35R)-12-((1R)-2- ((1S,3R,4R)-4-((Dimethylphosphinoyl)oxy)-3-methoxycyclohexyl)-1-methylethyl)-1,18- dihydroxy-19,30-dimethoxy-15,17,21,23,29,35-hexamethyl-11,36-dioxa-4- azatricyclo(30.3.1.04,9)hexat"
2020-09-21T16:34:41Z,https://chem.nlm.nih.gov/chemidplus/rn/572924-54-0,Synonyms,AP 23573
2020-09-21T16:34:41Z,https://chem.nlm.nih.gov/chemidplus/rn/572924-54-0,Synonyms,AP23573
2020-09-21T16:34:41Z,https://chem.nlm.nih.gov/chemidplus/rn/572924-54-0,Synonyms,Deforolimus
2020-09-21T16:34:41Z,https://chem.nlm.nih.gov/chemidplus/rn/572924-54-0,Synonyms,MK 8669
2020-09-21T16:34:41Z,https://chem.nlm.nih.gov/chemidplus/rn/572924-54-0,Synonyms,MK-8669
2020-09-21T16:34:41Z,https://chem.nlm.nih.gov/chemidplus/rn/572924-54-0,Synonyms,MK8669
2020-09-21T16:34:41Z,https://chem.nlm.nih.gov/chemidplus/rn/572924-54-0,Synonyms,Ridaforolimus
2020-09-21T16:34:41Z,https://chem.nlm.nih.gov/chemidplus/rn/572924-54-0,Synonyms,Taltorvic
2020-09-21T16:34:41Z,https://chem.nlm.nih.gov/chemidplus/rn/572924-54-0,Synonyms,UNII-48Z35KB15K
2020-09-21T16:34:41Z,https://chem.nlm.nih.gov/chemidplus/rn/572924-54-0,Systematic Name,"Rapamycin, 42-(dimethylphosphinate)"
2020-09-21T16:35:01Z,https://chem.nlm.nih.gov/chemidplus/rn/2266582-92-5,Name of Substance,"Eprenetapopt, (R)-"
2020-09-21T16:35:01Z,https://chem.nlm.nih.gov/chemidplus/rn/2266582-92-5,Synonyms,(2R)-2-(Hydroxymethyl)-2-(methoxymethyl)-1-azabicyclo(2.2.2)octan-3-one
2020-09-21T16:35:01Z,https://chem.nlm.nih.gov/chemidplus/rn/2266582-92-5,Synonyms,"1-Azabicyclo(2.2.2)octan-3-one, 2-(hydroxymethyl)-2-(methoxymethyl)-, (2R)-"
2020-09-21T16:35:01Z,https://chem.nlm.nih.gov/chemidplus/rn/2266582-92-5,Synonyms,"APR-246, (R)-"
2020-09-21T16:35:01Z,https://chem.nlm.nih.gov/chemidplus/rn/2266582-92-5,Synonyms,"Eprenetapopt, (R)-"
2020-09-21T16:35:01Z,https://chem.nlm.nih.gov/chemidplus/rn/2266582-92-5,Synonyms,UNII-RUW7BT5OAV
2020-09-21T16:35:08Z,https://chem.nlm.nih.gov/chemidplus/rn/2266582-96-9,Name of Substance,"Eprenetapopt, (S)-"
2020-09-21T16:35:08Z,https://chem.nlm.nih.gov/chemidplus/rn/2266582-96-9,Synonyms,(2S)-2-(Hydroxymethyl)-2-(methoxymethyl)-1-azabicyclo(2.2.2)octan-3-one
2020-09-21T16:35:08Z,https://chem.nlm.nih.gov/chemidplus/rn/2266582-96-9,Synonyms,"1-Azabicyclo(2.2.2)octan-3-one, 2-(hydroxymethyl)-2-(methoxymethyl)-, (2S)-"
2020-09-21T16:35:08Z,https://chem.nlm.nih.gov/chemidplus/rn/2266582-96-9,Synonyms,"APR-246, (S)-"
2020-09-21T16:35:08Z,https://chem.nlm.nih.gov/chemidplus/rn/2266582-96-9,Synonyms,"Eprenetapopt, (S)-"
2020-09-21T16:35:08Z,https://chem.nlm.nih.gov/chemidplus/rn/2266582-96-9,Synonyms,UNII-8A7Y6RUE2U
2020-09-21T16:35:15Z,https://chem.nlm.nih.gov/chemidplus/rn/5291-32-7,Name of Substance,APR-246
2020-09-21T16:35:15Z,https://chem.nlm.nih.gov/chemidplus/rn/5291-32-7,Synonyms,"1-Azabicyclo(2.2.2)octan-3-one, 2-(hydroxymethyl)-2-(methoxymethyl)-"
2020-09-21T16:35:15Z,https://chem.nlm.nih.gov/chemidplus/rn/5291-32-7,Synonyms,"3-Quinuclidinone, 2-(hydroxymethyl)-2-(methoxymethyl)-"
2020-09-21T16:35:15Z,https://chem.nlm.nih.gov/chemidplus/rn/5291-32-7,Synonyms,APR 246
2020-09-21T16:35:15Z,https://chem.nlm.nih.gov/chemidplus/rn/5291-32-7,Synonyms,APR-246
2020-09-21T16:35:15Z,https://chem.nlm.nih.gov/chemidplus/rn/5291-32-7,Synonyms,PRIMA 1Met
2020-09-21T16:35:15Z,https://chem.nlm.nih.gov/chemidplus/rn/5291-32-7,Synonyms,UNII-Z41TGB4080
2020-09-21T16:35:15Z,https://chem.nlm.nih.gov/chemidplus/rn/5291-32-7,Systematic Name,"1-Azabicyclo(2.2.2)octan-3-one, 2-(hydroxymethyl)-2-(methoxymethyl)-"
2020-09-21T16:38:18Z,https://chem.nlm.nih.gov/chemidplus/rn/2348469-84-9,Name of Substance,Coprelotamab
2020-09-21T16:38:18Z,https://chem.nlm.nih.gov/chemidplus/rn/2348469-84-9,Synonyms,Coprelotamab
2020-09-21T16:38:18Z,https://chem.nlm.nih.gov/chemidplus/rn/2348469-84-9,Synonyms,Coprelotamab [INN]
2020-09-21T16:38:18Z,https://chem.nlm.nih.gov/chemidplus/rn/2348469-84-9,Synonyms,"Immunoglobulin G1, anti-(human tyrosine kinase receptor her2) (human-mus musculus monoclonal GB221 gamma1-chain), disulfide with human-mus musculus monoclonal GB221 kappa-chain, dimer"
2020-09-21T16:38:18Z,https://chem.nlm.nih.gov/chemidplus/rn/2348469-84-9,Synonyms,"Immunoglobulin G1-kappa, anti-(homo sapienserbb2 (epidermal growth factor receptor 2, receptor tyrosine protein kinase ERBB-2, EGFR2, HER2, HER-2, p185cerbb2, neu, cd340)), humanized monoclonal antibody"
2020-09-21T16:38:18Z,https://chem.nlm.nih.gov/chemidplus/rn/2348469-84-9,Synonyms,UNII-XQ7509L801
2020-09-21T16:38:25Z,https://chem.nlm.nih.gov/chemidplus/rn/63715-96-8,Synonyms,"1-(3,5,5-Trimethylcyclohexyl)ether-2,3-diacetate glycerol"
2020-09-21T16:38:25Z,https://chem.nlm.nih.gov/chemidplus/rn/63715-96-8,Synonyms,"1-(3,5,5-Trimethylcyclohexyl)glycerol ether-2,3-diacetate"
2020-09-21T16:38:25Z,https://chem.nlm.nih.gov/chemidplus/rn/63715-96-8,Systematic Name,"Propanetriol, 1-(3,5,5-trimethylcyclohexyl)ether, 2,3-diacetate"
2020-09-21T16:38:32Z,https://chem.nlm.nih.gov/chemidplus/rn/63744-50-3,Synonyms,"1-Isobutyl glycerol ether-2,3-diacetate"
2020-09-21T16:38:32Z,https://chem.nlm.nih.gov/chemidplus/rn/63744-50-3,Synonyms,"Propanetriol, 1-isobutyl ether, 2,3-diacetate"
2020-09-21T16:38:32Z,https://chem.nlm.nih.gov/chemidplus/rn/63744-50-3,Systematic Name,"1,2-Propanediol, 3-isobutoxy-, diacetate"
2020-09-21T16:38:38Z,https://chem.nlm.nih.gov/chemidplus/rn/63991-86-6,Synonyms,"1-Tolyl ether-2,3-diacetate glycerol"
2020-09-21T16:38:38Z,https://chem.nlm.nih.gov/chemidplus/rn/63991-86-6,Synonyms,"3-(o-Tolyloxy)-1,2-propanediol diacetate"
2020-09-21T16:38:38Z,https://chem.nlm.nih.gov/chemidplus/rn/63991-86-6,Systematic Name,"1,2-Propanediol, 3-(o-tolyloxy)-, diacetate"
2020-09-21T16:38:45Z,https://chem.nlm.nih.gov/chemidplus/rn/7250-71-7,Synonyms,"1-Phenyl ether-2,3-diacetate glycerol"
2020-09-21T16:38:45Z,https://chem.nlm.nih.gov/chemidplus/rn/7250-71-7,Synonyms,"3-Phenoxy-1,2-propanediol diacetate"
2020-09-21T16:38:45Z,https://chem.nlm.nih.gov/chemidplus/rn/7250-71-7,Synonyms,4-06-00-00591 (Beilstein Handbook Reference)
2020-09-21T16:38:45Z,https://chem.nlm.nih.gov/chemidplus/rn/7250-71-7,Synonyms,AI3-07927
2020-09-21T16:38:45Z,https://chem.nlm.nih.gov/chemidplus/rn/7250-71-7,Synonyms,BRN 1981828
2020-09-21T16:38:45Z,https://chem.nlm.nih.gov/chemidplus/rn/7250-71-7,Synonyms,EINECS 230-661-2
2020-09-21T16:38:45Z,https://chem.nlm.nih.gov/chemidplus/rn/7250-71-7,Synonyms,Glycerol phenyl ether diacetate
2020-09-21T16:38:45Z,https://chem.nlm.nih.gov/chemidplus/rn/7250-71-7,Synonyms,NSC 30150
2020-09-21T16:38:45Z,https://chem.nlm.nih.gov/chemidplus/rn/7250-71-7,Synonyms,Phenylglyceryl ether diacetate
2020-09-21T16:38:45Z,https://chem.nlm.nih.gov/chemidplus/rn/7250-71-7,Systematic Names,"1,2-Propanediol, 3-phenoxy-, diacetate"
2020-09-21T16:38:45Z,https://chem.nlm.nih.gov/chemidplus/rn/7250-71-7,Systematic Names,3-Phenoxypropylene di(acetate)
2020-09-21T16:39:59Z,https://chem.nlm.nih.gov/chemidplus/rn/906805-06-9,Name of Substance,Necitumumab
2020-09-21T16:39:59Z,https://chem.nlm.nih.gov/chemidplus/rn/906805-06-9,Name of Substance,Necitumumab [USAN:INN]
2020-09-21T16:39:59Z,https://chem.nlm.nih.gov/chemidplus/rn/906805-06-9,Synonyms,IMC 11F8
2020-09-21T16:39:59Z,https://chem.nlm.nih.gov/chemidplus/rn/906805-06-9,Synonyms,IMC-11F8
2020-09-21T16:39:59Z,https://chem.nlm.nih.gov/chemidplus/rn/906805-06-9,Synonyms,"Immunoglobulin G1, anti-(human epidermal growth factor receptor (receptor tyrosine-protein kinase ErbB-1, EC 2.7.10.1)); human monoclonal IMC-11F8 gamma1 heavy chain (224-214')-disulfide with human monoclonal IMC-11F8 kappa light chain, dimer (230- 230''"
2020-09-21T16:39:59Z,https://chem.nlm.nih.gov/chemidplus/rn/906805-06-9,Synonyms,Necitumumab
2020-09-21T16:39:59Z,https://chem.nlm.nih.gov/chemidplus/rn/906805-06-9,Synonyms,Portrazza
2020-09-21T16:39:59Z,https://chem.nlm.nih.gov/chemidplus/rn/906805-06-9,Synonyms,UNII-2BT4C47RUI
2020-09-21T16:39:59Z,https://chem.nlm.nih.gov/chemidplus/rn/906805-06-9,Systematic Name,"Immunoglobulin G1, anti-(human epidermal growth factor receptor) (human monoclonal IMC-11F8 gamma1-chain), disulfide with human monoclonal IMC-11F8 kappa-chain, dimer"
2020-09-21T16:44:35Z,https://chem.nlm.nih.gov/chemidplus/rn/1417318-27-4,Name of Substance,Utomilumab [USAN]
2020-09-21T16:44:35Z,https://chem.nlm.nih.gov/chemidplus/rn/1417318-27-4,Synonyms,PF 5082566
2020-09-21T16:44:35Z,https://chem.nlm.nih.gov/chemidplus/rn/1417318-27-4,Synonyms,PF-05082566
2020-09-21T16:44:35Z,https://chem.nlm.nih.gov/chemidplus/rn/1417318-27-4,Synonyms,UNII-6YY8O697VF
2020-09-21T16:44:35Z,https://chem.nlm.nih.gov/chemidplus/rn/1417318-27-4,Synonyms,Utomilumab
2020-09-21T16:44:35Z,https://chem.nlm.nih.gov/chemidplus/rn/1417318-27-4,Systematic Name,PF 05082566
2020-09-21T16:44:59Z,https://chem.nlm.nih.gov/chemidplus/rn/192185-72-1,Name of Substance,Tipifarnib
2020-09-21T16:44:59Z,https://chem.nlm.nih.gov/chemidplus/rn/192185-72-1,Name of Substance,Tipifarnib [USAN:INN]
2020-09-21T16:44:59Z,https://chem.nlm.nih.gov/chemidplus/rn/192185-72-1,Synonyms,(R)-( )-R115777
2020-09-21T16:44:59Z,https://chem.nlm.nih.gov/chemidplus/rn/192185-72-1,Synonyms,(R)-6-(Amino(4-chlorophenyl)(1-methyl-1H-imidazol-5-yl)methyl)-4-(3-chlorophenyl)-1-methyl-2(1H)-quinolinone
2020-09-21T16:44:59Z,https://chem.nlm.nih.gov/chemidplus/rn/192185-72-1,Synonyms,"2 (1H))-Quinolinone,6-(amino(4-chlorophenyl)(1-methyl-1H-imidazol-5-yl)methyl)-4-(3-chlorophenyl)-1-methyl-, (+)-"
2020-09-21T16:44:59Z,https://chem.nlm.nih.gov/chemidplus/rn/192185-72-1,Synonyms,CCRIS 9329
2020-09-21T16:44:59Z,https://chem.nlm.nih.gov/chemidplus/rn/192185-72-1,Synonyms,Tipifarnib
2020-09-21T16:44:59Z,https://chem.nlm.nih.gov/chemidplus/rn/192185-72-1,Synonyms,UNII-MAT637500A
2020-09-21T16:44:59Z,https://chem.nlm.nih.gov/chemidplus/rn/192185-72-1,Synonyms,Zarnestra
2020-09-21T16:44:59Z,https://chem.nlm.nih.gov/chemidplus/rn/192185-72-1,Systematic Names,(R)-6-(Amino(4-chlorophenyl)(1-methyl-1H-imidazol-5-yl)methyl)-4-(3-chlorophenyl)-1-methyl-2(1H)-quinolinone
2020-09-21T16:44:59Z,https://chem.nlm.nih.gov/chemidplus/rn/192185-72-1,Systematic Names,"2 (1H))-Quinolinone,6-(amino(4-chlorophenyl)(1-methyl-1H-imidazol-5-yl)methyl)-4-(3-chlorophenyl)-1-methyl-"
2020-09-21T16:45:34Z,https://chem.nlm.nih.gov/chemidplus/rn/85622-93-1,Name of Substance,Temozolomide
2020-09-21T16:45:34Z,https://chem.nlm.nih.gov/chemidplus/rn/85622-93-1,Name of Substance,Temozolomide [USAN:INN:BAN]
2020-09-21T16:45:34Z,https://chem.nlm.nih.gov/chemidplus/rn/85622-93-1,MeSH Heading,Temozolomide
2020-09-21T16:45:34Z,https://chem.nlm.nih.gov/chemidplus/rn/85622-93-1,Synonyms,"3,4-Dihydro-3-methyl-4-oxoimidazo(5,1-d)-1,2,3,5-tetrazine-8-carboxamide"
2020-09-21T16:45:34Z,https://chem.nlm.nih.gov/chemidplus/rn/85622-93-1,Synonyms,"3,4-Dihydro-3-methyl-4-oxoimidazo(5,1-d)-as-tetrazine-8-carboxamide"
2020-09-21T16:45:34Z,https://chem.nlm.nih.gov/chemidplus/rn/85622-93-1,Synonyms,"3-Methyl-4-oxo-3,4-dihydroimidazo(5,1-d)(1,2,3,5)tetrazine-8-carboxamide"
2020-09-21T16:45:34Z,https://chem.nlm.nih.gov/chemidplus/rn/85622-93-1,Synonyms,"8-Carbamoyl-3-methylimidazo(5,1-d)-1,2,3,5-tetrazin-4(3H)-one"
2020-09-21T16:45:34Z,https://chem.nlm.nih.gov/chemidplus/rn/85622-93-1,Synonyms,BRN 5547136
2020-09-21T16:45:34Z,https://chem.nlm.nih.gov/chemidplus/rn/85622-93-1,Synonyms,CCRG 81045
2020-09-21T16:45:34Z,https://chem.nlm.nih.gov/chemidplus/rn/85622-93-1,Synonyms,CCRG-81045
2020-09-21T16:45:34Z,https://chem.nlm.nih.gov/chemidplus/rn/85622-93-1,Synonyms,CCRIS 8996
2020-09-21T16:45:34Z,https://chem.nlm.nih.gov/chemidplus/rn/85622-93-1,Synonyms,M & B 39831
2020-09-21T16:45:34Z,https://chem.nlm.nih.gov/chemidplus/rn/85622-93-1,Synonyms,M&B 39831
2020-09-21T16:45:34Z,https://chem.nlm.nih.gov/chemidplus/rn/85622-93-1,Synonyms,MB 39831
2020-09-21T16:45:34Z,https://chem.nlm.nih.gov/chemidplus/rn/85622-93-1,Synonyms,Methazolastone
2020-09-21T16:45:34Z,https://chem.nlm.nih.gov/chemidplus/rn/85622-93-1,Synonyms,NSC 362856
2020-09-21T16:45:34Z,https://chem.nlm.nih.gov/chemidplus/rn/85622-93-1,Synonyms,Sch 52365
2020-09-21T16:45:34Z,https://chem.nlm.nih.gov/chemidplus/rn/85622-93-1,Synonyms,Temodal
2020-09-21T16:45:34Z,https://chem.nlm.nih.gov/chemidplus/rn/85622-93-1,Synonyms,Temodar
2020-09-21T16:45:34Z,https://chem.nlm.nih.gov/chemidplus/rn/85622-93-1,Synonyms,Temozolodida
2020-09-21T16:45:34Z,https://chem.nlm.nih.gov/chemidplus/rn/85622-93-1,Synonyms,Temozolodida [Spanish]
2020-09-21T16:45:34Z,https://chem.nlm.nih.gov/chemidplus/rn/85622-93-1,Synonyms,Temozolomide
2020-09-21T16:45:34Z,https://chem.nlm.nih.gov/chemidplus/rn/85622-93-1,Synonyms,Temozolomidum
2020-09-21T16:45:34Z,https://chem.nlm.nih.gov/chemidplus/rn/85622-93-1,Synonyms,Temozolomidum [Latin]
2020-09-21T16:45:34Z,https://chem.nlm.nih.gov/chemidplus/rn/85622-93-1,Synonyms,UNII-YF1K15M17Y
2020-09-21T16:45:34Z,https://chem.nlm.nih.gov/chemidplus/rn/85622-93-1,Systematic Names,"3,4-Dihydro-3-methyl-4-oxoimidazo(5,1-d)-as-tetrazine-8-carboxamide"
2020-09-21T16:45:34Z,https://chem.nlm.nih.gov/chemidplus/rn/85622-93-1,Systematic Names,"Imidazo(5,1-d)(1,2,3,5)tetrazine-8-carboxamide, 3,4-dihydro-3-methyl-4-oxo-"
2020-09-21T16:47:57Z,https://chem.nlm.nih.gov/chemidplus/rn/1038915-64-8,Results Name,Niraparib hydrochloride
2020-09-21T16:47:57Z,https://chem.nlm.nih.gov/chemidplus/rn/1038915-64-8,Name of Substance,2-(4-(Piperidin-3-yl)phenyl)-2H-indazole-7-carboxamide hydrochloride
2020-09-21T16:47:57Z,https://chem.nlm.nih.gov/chemidplus/rn/1038915-64-8,Name of Substance,Niraparib hydrochloride
2020-09-21T16:47:57Z,https://chem.nlm.nih.gov/chemidplus/rn/1038915-64-8,Synonyms,2-(4-((3S)-Piperidin-3-yl)phenyl)-2H-indazole-7-carboxamide hydrochloride
2020-09-21T16:47:57Z,https://chem.nlm.nih.gov/chemidplus/rn/1038915-64-8,Synonyms,MK 4827
2020-09-21T16:47:57Z,https://chem.nlm.nih.gov/chemidplus/rn/1038915-64-8,Synonyms,MK-4827
2020-09-21T16:47:57Z,https://chem.nlm.nih.gov/chemidplus/rn/1038915-64-8,Synonyms,MK4827
2020-09-21T16:47:57Z,https://chem.nlm.nih.gov/chemidplus/rn/1038915-64-8,Synonyms,Niraparib HCl
2020-09-21T16:47:57Z,https://chem.nlm.nih.gov/chemidplus/rn/1038915-64-8,Synonyms,UNII-L4JFC1PHCI
2020-09-21T16:47:57Z,https://chem.nlm.nih.gov/chemidplus/rn/1038915-64-8,Systematic Name,"2H-Indazole-7-carboxamide, 2-(4-(3S)-3-piperidinylphenyl)-, hydrochloride (1:1)"
2020-09-21T16:48:05Z,https://chem.nlm.nih.gov/chemidplus/rn/1038915-73-9,Name of Substance,Niraparib tosylate
2020-09-21T16:48:05Z,https://chem.nlm.nih.gov/chemidplus/rn/1038915-73-9,Synonyms,"2H-Indazole-7-carboxamide, 2-(4-(3S)-3-piperidinylphenyl)-, 4-methylbenzenesulfonate (1:1)"
2020-09-21T16:48:05Z,https://chem.nlm.nih.gov/chemidplus/rn/1038915-73-9,Synonyms,MK-4827-tosylate
2020-09-21T16:48:05Z,https://chem.nlm.nih.gov/chemidplus/rn/1038915-73-9,Synonyms,Niraparib tosylate
2020-09-21T16:48:05Z,https://chem.nlm.nih.gov/chemidplus/rn/1038915-73-9,Synonyms,UNII-75KE12AY9U
2020-09-21T16:48:05Z,https://chem.nlm.nih.gov/chemidplus/rn/1038915-73-9,Synonyms,ZEJULA
2020-09-21T16:48:12Z,https://chem.nlm.nih.gov/chemidplus/rn/1613220-15-7,Name of Substance,Niraparib tosylate monohydrate
2020-09-21T16:48:12Z,https://chem.nlm.nih.gov/chemidplus/rn/1613220-15-7,Synonyms,"2H-Indazole-7-carboxamide, 2-(4-(3S)-3-piperidinylphenyl)-, 4-methylbenzenesulfonate, hydrate (1:1:1)"
2020-09-21T16:48:12Z,https://chem.nlm.nih.gov/chemidplus/rn/1613220-15-7,Synonyms,Niraparib tosylate monohydrate
2020-09-21T16:48:12Z,https://chem.nlm.nih.gov/chemidplus/rn/1613220-15-7,Synonyms,UNII-195Q483UZD
2020-09-21T16:48:12Z,https://chem.nlm.nih.gov/chemidplus/rn/1613220-15-7,Synonyms,ZEJULA
2020-09-21T16:48:48Z,https://chem.nlm.nih.gov/chemidplus/rn/1453084-37-1,Name of Substance,Mirvetuximab soravtansine [USAN]
2020-09-21T16:48:48Z,https://chem.nlm.nih.gov/chemidplus/rn/1453084-37-1,Synonyms,huMov 19
2020-09-21T16:48:48Z,https://chem.nlm.nih.gov/chemidplus/rn/1453084-37-1,Synonyms,IMGN 853
2020-09-21T16:48:48Z,https://chem.nlm.nih.gov/chemidplus/rn/1453084-37-1,Synonyms,IMGN853
2020-09-21T16:48:48Z,https://chem.nlm.nih.gov/chemidplus/rn/1453084-37-1,Synonyms,Mirvetuximab soravtansine
2020-09-21T16:48:48Z,https://chem.nlm.nih.gov/chemidplus/rn/1453084-37-1,Synonyms,UNII-98DE7VN88D
2020-09-21T16:48:48Z,https://chem.nlm.nih.gov/chemidplus/rn/1453084-37-1,Systematic Name,"Immunoglobulin G1, anti-(human folate receptor alpha) (human-Mus musculus monoclonal M9346A heavy chain), disulfide with human-Mus musculus monoclonal M9346A light chain, dimer, tetraamide with N2'-(4-((3-carboxy-3-sulfopropyl)dithio)-4-methyl-1-oxopenty"
2020-09-21T16:49:11Z,https://chem.nlm.nih.gov/chemidplus/rn/407577-53-1,Name of Substance,"Fulvestrant, 7beta-"
2020-09-21T16:49:11Z,https://chem.nlm.nih.gov/chemidplus/rn/407577-53-1,Synonym,UNII-L8HA5DT6RS
2020-09-21T16:49:19Z,https://chem.nlm.nih.gov/chemidplus/rn/98008-06-1,Name of Substance,Fulvestrant sulfone
2020-09-21T16:49:19Z,https://chem.nlm.nih.gov/chemidplus/rn/98008-06-1,Synonym,UNII-55928538EN
2020-09-21T16:49:32Z,https://chem.nlm.nih.gov/chemidplus/rn/113942-30-6,Name of Substance,Temozolomide acid
2020-09-21T16:49:32Z,https://chem.nlm.nih.gov/chemidplus/rn/113942-30-6,Synonyms,"3-Methyl-4-oxo-3,4-dihydroimidazo(5,1-d)(1,2,3,5)tetrazine-8-carboxylic acid"
2020-09-21T16:49:32Z,https://chem.nlm.nih.gov/chemidplus/rn/113942-30-6,Synonyms,"Imidazo(5,1-d)-1,2,3,5-tetrazine-8-carboxylic acid, 3,4-dihydro-3-methyl-4-oxo-"
2020-09-21T16:49:32Z,https://chem.nlm.nih.gov/chemidplus/rn/113942-30-6,Synonyms,Temozolomide acid
2020-09-21T16:49:32Z,https://chem.nlm.nih.gov/chemidplus/rn/113942-30-6,Synonyms,"Temozolomide impurity, temozolomide acid- [USP]"
2020-09-21T16:49:32Z,https://chem.nlm.nih.gov/chemidplus/rn/113942-30-6,Synonyms,Temozolomide-8-carboxylic acid
2020-09-21T16:49:32Z,https://chem.nlm.nih.gov/chemidplus/rn/113942-30-6,Synonyms,UNII-M35A7FW55W
2020-09-21T16:49:39Z,https://chem.nlm.nih.gov/chemidplus/rn/114601-31-9,Name of Substance,"3-Methyl-4-oxo-3,4-dihydroimidazo(5,1-d)(1,2,3,5)tetrazine-8-carbonitrile"
2020-09-21T16:49:39Z,https://chem.nlm.nih.gov/chemidplus/rn/114601-31-9,Synonyms,"3,4-Dihydro-3-methyl-4-oxoimidazo(5,1-d)-1,2,3,5-tetrazine-8-carbonitrile"
2020-09-21T16:49:39Z,https://chem.nlm.nih.gov/chemidplus/rn/114601-31-9,Synonyms,"3-Methyl-4-oxo-3,4-dihydroimidazo(5,1-d)(1,2,3,5)tetrazine-8-carbonitrile"
2020-09-21T16:49:39Z,https://chem.nlm.nih.gov/chemidplus/rn/114601-31-9,Synonyms,"8-Cyano-3-methyl-(3H)-imidazo(5,1-d)-tetrazin-4-one"
2020-09-21T16:49:39Z,https://chem.nlm.nih.gov/chemidplus/rn/114601-31-9,Synonyms,Cyanotemozol omide [USP]
2020-09-21T16:49:39Z,https://chem.nlm.nih.gov/chemidplus/rn/114601-31-9,Synonyms,"Imidazo(5,1-d)-1,2,3,5-tetrazine-8-carbonitrile, 3,4-dihydro-3-methyl-4-oxo-"
2020-09-21T16:49:39Z,https://chem.nlm.nih.gov/chemidplus/rn/114601-31-9,Synonyms,Temozolomide impurity C [EP]
2020-09-21T16:49:39Z,https://chem.nlm.nih.gov/chemidplus/rn/114601-31-9,Synonyms,"Temozolomide impurity, cyanotemozol omide [USP]"
2020-09-21T16:49:39Z,https://chem.nlm.nih.gov/chemidplus/rn/114601-31-9,Synonyms,Temozolomide_cyano
2020-09-21T16:49:39Z,https://chem.nlm.nih.gov/chemidplus/rn/114601-31-9,Synonyms,UNII-7H0G4H1HOV
2020-09-21T16:49:47Z,https://chem.nlm.nih.gov/chemidplus/rn/1361198-79-9,Name of Substance,NEO-212
2020-09-21T16:49:47Z,https://chem.nlm.nih.gov/chemidplus/rn/1361198-79-9,Synonyms,(S)-Perillyl alcohol temozolomide carbamate
2020-09-21T16:49:47Z,https://chem.nlm.nih.gov/chemidplus/rn/1361198-79-9,Synonyms,"Carbamic acid, N-((3,4-dihydro-3-methyl-4-oxoimidazo(5,1-d)-1,2,3,5-tetrazin-8-yl)carbonyl)-, ((4S)-4-(1-methylethenyl)-1-cyclohexen-1-yl)methyl ester"
2020-09-21T16:49:47Z,https://chem.nlm.nih.gov/chemidplus/rn/1361198-79-9,Synonyms,NEO-212
2020-09-21T16:49:47Z,https://chem.nlm.nih.gov/chemidplus/rn/1361198-79-9,Synonyms,Tmz-poh carbamate
2020-09-21T16:49:47Z,https://chem.nlm.nih.gov/chemidplus/rn/1361198-79-9,Synonyms,UNII-237TB781D9
2020-09-21T16:50:34Z,https://chem.nlm.nih.gov/chemidplus/rn/284461-74-1,Name of Substance,BAY-439007
2020-09-21T16:50:34Z,https://chem.nlm.nih.gov/chemidplus/rn/284461-74-1,Synonyms,"2-Pyridinecarboxamide, 4-(4-((((4-chloro-3-(trifluoromethyl) phenyl)amino)carbonyl)amino)phenoxy)-"
2020-09-21T16:50:34Z,https://chem.nlm.nih.gov/chemidplus/rn/284461-74-1,Synonyms,BAY 43-9007
2020-09-21T16:50:34Z,https://chem.nlm.nih.gov/chemidplus/rn/284461-74-1,Synonyms,BAY-43-9007
2020-09-21T16:50:34Z,https://chem.nlm.nih.gov/chemidplus/rn/284461-74-1,Synonyms,BAY-439007
2020-09-21T16:50:34Z,https://chem.nlm.nih.gov/chemidplus/rn/284461-74-1,Synonyms,N-(4-Chloro-3-(trifluoromethyl)phenyl)-N'-(4-(2-carbamoyl-4-pyridyloxy)phenyl)urea
2020-09-21T16:50:34Z,https://chem.nlm.nih.gov/chemidplus/rn/284461-74-1,Synonyms,N-Desmethyl sorafenib
2020-09-21T16:50:34Z,https://chem.nlm.nih.gov/chemidplus/rn/284461-74-1,Synonyms,Sorafenib metabolite M4
2020-09-21T16:50:34Z,https://chem.nlm.nih.gov/chemidplus/rn/284461-74-1,Synonyms,UNII-N4T1W2J64C
2020-09-21T16:50:41Z,https://chem.nlm.nih.gov/chemidplus/rn/583840-03-3,Results Name,Sorafenib N-oxide
2020-09-21T16:50:41Z,https://chem.nlm.nih.gov/chemidplus/rn/583840-03-3,Name of Substance,BAY-673472
2020-09-21T16:50:41Z,https://chem.nlm.nih.gov/chemidplus/rn/583840-03-3,Synonyms,"2-Pyridinecarboxamide, 4-(4((((4-chloro-3-(trifluoromethyl)phenyl)amino)carbonyl)amino)phenoxy)N-methyl-,1-oxide"
2020-09-21T16:50:41Z,https://chem.nlm.nih.gov/chemidplus/rn/583840-03-3,Synonyms,4-(4-(((4-Chloro-3-(trifluoromethyl)phenyl)carbamoyl)amino)phenoxy)-N-methylpyridine-2-carboxamide 1-oxide
2020-09-21T16:50:41Z,https://chem.nlm.nih.gov/chemidplus/rn/583840-03-3,Synonyms,4-(4-(3-(4-Chloro-3-(trifluoromethyl)phenyl)ureido)phenoxy)-2-(methylcarbamoyl)pyridine 1-oxide
2020-09-21T16:50:41Z,https://chem.nlm.nih.gov/chemidplus/rn/583840-03-3,Synonyms,BAY-67-3472
2020-09-21T16:50:41Z,https://chem.nlm.nih.gov/chemidplus/rn/583840-03-3,Synonyms,BAY-673472
2020-09-21T16:50:41Z,https://chem.nlm.nih.gov/chemidplus/rn/583840-03-3,Synonyms,J2.910.287B
2020-09-21T16:50:41Z,https://chem.nlm.nih.gov/chemidplus/rn/583840-03-3,Synonyms,Sorafenib metabolite M2
2020-09-21T16:50:41Z,https://chem.nlm.nih.gov/chemidplus/rn/583840-03-3,Synonyms,Sorafenib N oxide
2020-09-21T16:50:41Z,https://chem.nlm.nih.gov/chemidplus/rn/583840-03-3,Synonyms,Sorafenib N-oxide
2020-09-21T16:50:41Z,https://chem.nlm.nih.gov/chemidplus/rn/583840-03-3,Synonyms,Srf-nox
2020-09-21T16:50:41Z,https://chem.nlm.nih.gov/chemidplus/rn/583840-03-3,Synonyms,UNII-5XYK65KIGD
2020-09-21T16:50:49Z,https://chem.nlm.nih.gov/chemidplus/rn/583840-04-4,Results Name,N-Desmethylsorafenib N-oxide
2020-09-21T16:50:49Z,https://chem.nlm.nih.gov/chemidplus/rn/583840-04-4,Name of Substance,BAY-68-7769
2020-09-21T16:50:49Z,https://chem.nlm.nih.gov/chemidplus/rn/583840-04-4,Synonyms,"2-Pyridinecarboxamide, 4-(4-((((4-chloro-3-(trifluoromethyl)phenyl)amino)carbonyl)amino)phenoxy)-, 1-oxide"
2020-09-21T16:50:49Z,https://chem.nlm.nih.gov/chemidplus/rn/583840-04-4,Synonyms,4-(4-(((4-Chloro-3-(trifluoromethyl)phenyl)carbamoyl)amino)phenoxy)pyridine-2-carboxamide 1-oxide
2020-09-21T16:50:49Z,https://chem.nlm.nih.gov/chemidplus/rn/583840-04-4,Synonyms,BAY 68-7769
2020-09-21T16:50:49Z,https://chem.nlm.nih.gov/chemidplus/rn/583840-04-4,Synonyms,BAY-68-7769
2020-09-21T16:50:49Z,https://chem.nlm.nih.gov/chemidplus/rn/583840-04-4,Synonyms,Des-srf-N-oxide
2020-09-21T16:50:49Z,https://chem.nlm.nih.gov/chemidplus/rn/583840-04-4,Synonyms,Des-srf-nox
2020-09-21T16:50:49Z,https://chem.nlm.nih.gov/chemidplus/rn/583840-04-4,Synonyms,N-Desmethylsorafenib N-oxide
2020-09-21T16:50:49Z,https://chem.nlm.nih.gov/chemidplus/rn/583840-04-4,Synonyms,Sorafenib metabolite M5
2020-09-21T16:50:49Z,https://chem.nlm.nih.gov/chemidplus/rn/583840-04-4,Synonyms,UNII-H2FQP001BP
2020-09-21T16:51:57Z,https://chem.nlm.nih.gov/chemidplus/rn/1703793-34-3,Name of Substance,Avapritinib [INN]
2020-09-21T16:51:57Z,https://chem.nlm.nih.gov/chemidplus/rn/1703793-34-3,Synonyms,Avapritinib
2020-09-21T16:51:57Z,https://chem.nlm.nih.gov/chemidplus/rn/1703793-34-3,Synonyms,Avapritinib [INN]
2020-09-21T16:51:57Z,https://chem.nlm.nih.gov/chemidplus/rn/1703793-34-3,Synonyms,BLU-285
2020-09-21T16:51:57Z,https://chem.nlm.nih.gov/chemidplus/rn/1703793-34-3,Synonyms,UNII-513P80B4YJ
2020-09-21T16:53:33Z,https://chem.nlm.nih.gov/chemidplus/rn/136894-56-9,MeSH Heading,Basigin
2020-09-21T16:53:33Z,https://chem.nlm.nih.gov/chemidplus/rn/136894-56-9,Synonyms,Basigin
2020-09-21T16:53:33Z,https://chem.nlm.nih.gov/chemidplus/rn/136894-56-9,Synonyms,Basigin protein
2020-09-21T16:53:33Z,https://chem.nlm.nih.gov/chemidplus/rn/136894-56-9,Synonyms,Extracellular Matrix Metalloproteinase Inducer (EMMPRIN)
2020-09-21T16:53:33Z,https://chem.nlm.nih.gov/chemidplus/rn/136894-56-9,Synonyms,gp42 Protein
2020-09-21T16:53:33Z,https://chem.nlm.nih.gov/chemidplus/rn/136894-56-9,Synonyms,HT7 Antigen
2020-09-21T16:53:33Z,https://chem.nlm.nih.gov/chemidplus/rn/136894-56-9,Synonyms,HT7 Gene product
2020-09-21T16:53:33Z,https://chem.nlm.nih.gov/chemidplus/rn/136894-56-9,Synonyms,HT7 Protein
2020-09-21T16:53:33Z,https://chem.nlm.nih.gov/chemidplus/rn/136894-56-9,Synonyms,Membrane glycoprotein 42
2020-09-21T16:53:33Z,https://chem.nlm.nih.gov/chemidplus/rn/136894-56-9,Synonyms,Mrc OX-47 antigen
2020-09-21T16:53:33Z,https://chem.nlm.nih.gov/chemidplus/rn/136894-56-9,Synonyms,Neurothelin
2020-09-21T16:53:33Z,https://chem.nlm.nih.gov/chemidplus/rn/136894-56-9,Synonyms,OX-47 Antigen
2020-09-21T16:53:33Z,https://chem.nlm.nih.gov/chemidplus/rn/136894-56-9,Systematic Name,Antigen MRC-OX 47 (rat protein moiety reduced)
2020-09-21T16:53:41Z,https://chem.nlm.nih.gov/chemidplus/rn/342-69-8,Name of Substance,Methylthioinosine
2020-09-21T16:53:41Z,https://chem.nlm.nih.gov/chemidplus/rn/342-69-8,MeSH Heading,Methylthioinosine
2020-09-21T16:53:41Z,https://chem.nlm.nih.gov/chemidplus/rn/342-69-8,Synonyms,4-26-00-01992 (Beilstein Handbook Reference)
2020-09-21T16:53:41Z,https://chem.nlm.nih.gov/chemidplus/rn/342-69-8,Synonyms,6-(Methylthio)purine ribonucleoside
2020-09-21T16:53:41Z,https://chem.nlm.nih.gov/chemidplus/rn/342-69-8,Synonyms,6-Methyl MP riboside
2020-09-21T16:53:41Z,https://chem.nlm.nih.gov/chemidplus/rn/342-69-8,Synonyms,6-Methyl MP-riboside
2020-09-21T16:53:41Z,https://chem.nlm.nih.gov/chemidplus/rn/342-69-8,Synonyms,6-Methyl-9-ribofuranosylpurine-6-thiol
2020-09-21T16:53:41Z,https://chem.nlm.nih.gov/chemidplus/rn/342-69-8,Synonyms,6-Methylmercaptopurine
2020-09-21T16:53:41Z,https://chem.nlm.nih.gov/chemidplus/rn/342-69-8,Synonyms,6-Methylmercaptopurine ribonucleoside
2020-09-21T16:53:41Z,https://chem.nlm.nih.gov/chemidplus/rn/342-69-8,Synonyms,6-Methylmercaptopurine riboside
2020-09-21T16:53:41Z,https://chem.nlm.nih.gov/chemidplus/rn/342-69-8,Synonyms,6-Methylthioinosine
2020-09-21T16:53:41Z,https://chem.nlm.nih.gov/chemidplus/rn/342-69-8,Synonyms,6-Methylthiopurine riboside
2020-09-21T16:53:41Z,https://chem.nlm.nih.gov/chemidplus/rn/342-69-8,Synonyms,6-MMPR
2020-09-21T16:53:41Z,https://chem.nlm.nih.gov/chemidplus/rn/342-69-8,Synonyms,"9H-Purine, 6-(methylthio)-9-beta-D-ribofuranosyl-"
2020-09-21T16:53:41Z,https://chem.nlm.nih.gov/chemidplus/rn/342-69-8,Synonyms,"9H-Purine, 6-(methylthio)-9-beta-D-ribofuranosyl-, dihydrate"
2020-09-21T16:53:41Z,https://chem.nlm.nih.gov/chemidplus/rn/342-69-8,Synonyms,"9H-Purine, 6-(methylthio)-9beta-D-ribofuranosyl-"
2020-09-21T16:53:41Z,https://chem.nlm.nih.gov/chemidplus/rn/342-69-8,Synonyms,AI3-50295
2020-09-21T16:53:41Z,https://chem.nlm.nih.gov/chemidplus/rn/342-69-8,Synonyms,beta-D-Ribosyl-6-methylthiopurine
2020-09-21T16:53:41Z,https://chem.nlm.nih.gov/chemidplus/rn/342-69-8,Synonyms,BRN 0042871
2020-09-21T16:53:41Z,https://chem.nlm.nih.gov/chemidplus/rn/342-69-8,Synonyms,EINECS 206-442-2
2020-09-21T16:53:41Z,https://chem.nlm.nih.gov/chemidplus/rn/342-69-8,Synonyms,"Inosine, 6-(methylthio)-"
2020-09-21T16:53:41Z,https://chem.nlm.nih.gov/chemidplus/rn/342-69-8,Synonyms,Me6MPR
2020-09-21T16:53:41Z,https://chem.nlm.nih.gov/chemidplus/rn/342-69-8,Synonyms,Methylmercaptopurine riboside
2020-09-21T16:53:41Z,https://chem.nlm.nih.gov/chemidplus/rn/342-69-8,Synonyms,Methylthioinosine
2020-09-21T16:53:41Z,https://chem.nlm.nih.gov/chemidplus/rn/342-69-8,Synonyms,MMPR
2020-09-21T16:53:41Z,https://chem.nlm.nih.gov/chemidplus/rn/342-69-8,Synonyms,NCI-C04784
2020-09-21T16:53:41Z,https://chem.nlm.nih.gov/chemidplus/rn/342-69-8,Synonyms,NSC 40774
2020-09-21T16:53:41Z,https://chem.nlm.nih.gov/chemidplus/rn/342-69-8,Synonyms,"Purine-6-thiol, 6-methyl-9-ribofuranosyl-"
2020-09-21T16:53:41Z,https://chem.nlm.nih.gov/chemidplus/rn/342-69-8,Synonyms,SQ 21977
2020-09-21T16:53:41Z,https://chem.nlm.nih.gov/chemidplus/rn/342-69-8,Synonyms,UNII-Y5G39SHR0V
2020-09-21T16:53:41Z,https://chem.nlm.nih.gov/chemidplus/rn/342-69-8,Systematic Names,6-(Methylthio)-9-beta-D-ribofuranosyl-9H-purine
2020-09-21T16:53:41Z,https://chem.nlm.nih.gov/chemidplus/rn/342-69-8,Systematic Names,"9H-Purine, 6-(methylthio)-9-beta-D-ribofuranosyl-"
2020-09-21T16:53:41Z,https://chem.nlm.nih.gov/chemidplus/rn/342-69-8,Systematic Names,"9H-Purine, 6-(methylthio)-9-beta-D-ribofuranosyl-, dihydrate"
2020-09-21T16:53:41Z,https://chem.nlm.nih.gov/chemidplus/rn/342-69-8,Systematic Names,"Inosine, 6-S-methyl-6-thio-"
2020-09-21T16:53:48Z,https://chem.nlm.nih.gov/chemidplus/rn/9004-67-5,Name of Substance,"Cellulose, methyl ether"
2020-09-21T16:53:48Z,https://chem.nlm.nih.gov/chemidplus/rn/9004-67-5,Name of Substance,Methyl cellulose
2020-09-21T16:53:48Z,https://chem.nlm.nih.gov/chemidplus/rn/9004-67-5,Name of Substance,Methylcellulose
2020-09-21T16:53:48Z,https://chem.nlm.nih.gov/chemidplus/rn/9004-67-5,Name of Substance,Methylcellulose (4000 cps)
2020-09-21T16:53:48Z,https://chem.nlm.nih.gov/chemidplus/rn/9004-67-5,Name of Substance,Methylcellulose (4000 mpa.s)
2020-09-21T16:53:48Z,https://chem.nlm.nih.gov/chemidplus/rn/9004-67-5,Name of Substance,Methylcellulose [USP:INN:JAN]
2020-09-21T16:53:48Z,https://chem.nlm.nih.gov/chemidplus/rn/9004-67-5,MeSH Heading,Methylcellulose
2020-09-21T16:53:48Z,https://chem.nlm.nih.gov/chemidplus/rn/9004-67-5,Synonyms,Adulsin
2020-09-21T16:53:48Z,https://chem.nlm.nih.gov/chemidplus/rn/9004-67-5,Synonyms,Avicel SG
2020-09-21T16:53:48Z,https://chem.nlm.nih.gov/chemidplus/rn/9004-67-5,Synonyms,Bagolax
2020-09-21T16:53:48Z,https://chem.nlm.nih.gov/chemidplus/rn/9004-67-5,Synonyms,Benecel M 0
2020-09-21T16:53:48Z,https://chem.nlm.nih.gov/chemidplus/rn/9004-67-5,Synonyms,Benecel M 02
2020-09-21T16:53:48Z,https://chem.nlm.nih.gov/chemidplus/rn/9004-67-5,Synonyms,Benecel MC 4000PS
2020-09-21T16:53:48Z,https://chem.nlm.nih.gov/chemidplus/rn/9004-67-5,Synonyms,Benecel MO 42
2020-09-21T16:53:48Z,https://chem.nlm.nih.gov/chemidplus/rn/9004-67-5,Synonyms,Bufapto methalose
2020-09-21T16:53:48Z,https://chem.nlm.nih.gov/chemidplus/rn/9004-67-5,Synonyms,Bulkaloid
2020-09-21T16:53:48Z,https://chem.nlm.nih.gov/chemidplus/rn/9004-67-5,Synonyms,CCRIS 3945
2020-09-21T16:53:48Z,https://chem.nlm.nih.gov/chemidplus/rn/9004-67-5,Synonyms,Celacol M
2020-09-21T16:53:48Z,https://chem.nlm.nih.gov/chemidplus/rn/9004-67-5,Synonyms,Celacol M 20P
2020-09-21T16:53:48Z,https://chem.nlm.nih.gov/chemidplus/rn/9004-67-5,Synonyms,Celacol M 2500
2020-09-21T16:53:48Z,https://chem.nlm.nih.gov/chemidplus/rn/9004-67-5,Synonyms,Celacol M20
2020-09-21T16:53:48Z,https://chem.nlm.nih.gov/chemidplus/rn/9004-67-5,Synonyms,Celacol M450
2020-09-21T16:53:48Z,https://chem.nlm.nih.gov/chemidplus/rn/9004-67-5,Synonyms,Celacol MM
2020-09-21T16:53:48Z,https://chem.nlm.nih.gov/chemidplus/rn/9004-67-5,Synonyms,Celacol MM 10P
2020-09-21T16:53:48Z,https://chem.nlm.nih.gov/chemidplus/rn/9004-67-5,Synonyms,Celacol MMPR
2020-09-21T16:53:48Z,https://chem.nlm.nih.gov/chemidplus/rn/9004-67-5,Synonyms,Celacol WA
2020-09-21T16:53:48Z,https://chem.nlm.nih.gov/chemidplus/rn/9004-67-5,Synonyms,Cellapret
2020-09-21T16:53:48Z,https://chem.nlm.nih.gov/chemidplus/rn/9004-67-5,Synonyms,Cellogel
2020-09-21T16:53:48Z,https://chem.nlm.nih.gov/chemidplus/rn/9004-67-5,Synonyms,Cellogran
2020-09-21T16:53:48Z,https://chem.nlm.nih.gov/chemidplus/rn/9004-67-5,Synonyms,Cellothyl
2020-09-21T16:53:48Z,https://chem.nlm.nih.gov/chemidplus/rn/9004-67-5,Synonyms,Cellulose methyl
2020-09-21T16:53:48Z,https://chem.nlm.nih.gov/chemidplus/rn/9004-67-5,Synonyms,Cellulose methyl ether
2020-09-21T16:53:48Z,https://chem.nlm.nih.gov/chemidplus/rn/9004-67-5,Synonyms,Cellulose methylate
2020-09-21T16:53:48Z,https://chem.nlm.nih.gov/chemidplus/rn/9004-67-5,Synonyms,Cellumeth
2020-09-21T16:53:48Z,https://chem.nlm.nih.gov/chemidplus/rn/9004-67-5,Synonyms,Cesca C 8556
2020-09-21T16:53:48Z,https://chem.nlm.nih.gov/chemidplus/rn/9004-67-5,Synonyms,Cesca MC 25S
2020-09-21T16:53:48Z,https://chem.nlm.nih.gov/chemidplus/rn/9004-67-5,Synonyms,Cesca MC 400
2020-09-21T16:53:48Z,https://chem.nlm.nih.gov/chemidplus/rn/9004-67-5,Synonyms,Cethylose
2020-09-21T16:53:48Z,https://chem.nlm.nih.gov/chemidplus/rn/9004-67-5,Synonyms,Cethytin
2020-09-21T16:53:48Z,https://chem.nlm.nih.gov/chemidplus/rn/9004-67-5,Synonyms,Cologel
2020-09-21T16:53:48Z,https://chem.nlm.nih.gov/chemidplus/rn/9004-67-5,Synonyms,Culminal K 42
2020-09-21T16:53:48Z,https://chem.nlm.nih.gov/chemidplus/rn/9004-67-5,Synonyms,Culminal MC
2020-09-21T16:53:48Z,https://chem.nlm.nih.gov/chemidplus/rn/9004-67-5,Synonyms,Culminal MC 2000
2020-09-21T16:53:48Z,https://chem.nlm.nih.gov/chemidplus/rn/9004-67-5,Synonyms,Culminal MC 25S
2020-09-21T16:53:48Z,https://chem.nlm.nih.gov/chemidplus/rn/9004-67-5,Synonyms,Culminal MC 3000P
2020-09-21T16:53:48Z,https://chem.nlm.nih.gov/chemidplus/rn/9004-67-5,Synonyms,Culminal MC 3000PR
2020-09-21T16:53:48Z,https://chem.nlm.nih.gov/chemidplus/rn/9004-67-5,Synonyms,Culminal MC 40
2020-09-21T16:53:48Z,https://chem.nlm.nih.gov/chemidplus/rn/9004-67-5,Synonyms,Culminal MC 60S
2020-09-21T16:53:48Z,https://chem.nlm.nih.gov/chemidplus/rn/9004-67-5,Synonyms,Daicel 170
2020-09-21T16:53:48Z,https://chem.nlm.nih.gov/chemidplus/rn/9004-67-5,Synonyms,Edisol M
2020-09-21T16:53:48Z,https://chem.nlm.nih.gov/chemidplus/rn/9004-67-5,Synonyms,EMP-H
2020-09-21T16:53:48Z,https://chem.nlm.nih.gov/chemidplus/rn/9004-67-5,Synonyms,FEMA No. 2696
2020-09-21T16:53:48Z,https://chem.nlm.nih.gov/chemidplus/rn/9004-67-5,Synonyms,Hi-SM 4000
2020-09-21T16:53:48Z,https://chem.nlm.nih.gov/chemidplus/rn/9004-67-5,Synonyms,HSDB 1198
2020-09-21T16:53:48Z,https://chem.nlm.nih.gov/chemidplus/rn/9004-67-5,Synonyms,Hydrolose
2020-09-21T16:53:48Z,https://chem.nlm.nih.gov/chemidplus/rn/9004-67-5,Synonyms,Mapolose 60SH50
2020-09-21T16:53:48Z,https://chem.nlm.nih.gov/chemidplus/rn/9004-67-5,Synonyms,Mapolose 60SHS0
2020-09-21T16:53:48Z,https://chem.nlm.nih.gov/chemidplus/rn/9004-67-5,Synonyms,Mapolose M25
2020-09-21T16:53:48Z,https://chem.nlm.nih.gov/chemidplus/rn/9004-67-5,Synonyms,MC 20000S
2020-09-21T16:53:48Z,https://chem.nlm.nih.gov/chemidplus/rn/9004-67-5,Synonyms,MC 4000 cP
2020-09-21T16:53:48Z,https://chem.nlm.nih.gov/chemidplus/rn/9004-67-5,Synonyms,MC 4000CP
2020-09-21T16:53:48Z,https://chem.nlm.nih.gov/chemidplus/rn/9004-67-5,Synonyms,MCO 8000
2020-09-21T16:53:48Z,https://chem.nlm.nih.gov/chemidplus/rn/9004-67-5,Synonyms,Mellose
2020-09-21T16:53:48Z,https://chem.nlm.nih.gov/chemidplus/rn/9004-67-5,Synonyms,Methocel
2020-09-21T16:53:48Z,https://chem.nlm.nih.gov/chemidplus/rn/9004-67-5,Synonyms,Methocel 10
2020-09-21T16:53:48Z,https://chem.nlm.nih.gov/chemidplus/rn/9004-67-5,Synonyms,Methocel 15
2020-09-21T16:53:48Z,https://chem.nlm.nih.gov/chemidplus/rn/9004-67-5,Synonyms,Methocel 181
2020-09-21T16:53:48Z,https://chem.nlm.nih.gov/chemidplus/rn/9004-67-5,Synonyms,Methocel 400
2020-09-21T16:53:48Z,https://chem.nlm.nih.gov/chemidplus/rn/9004-67-5,Synonyms,Methocel 4000
2020-09-21T16:53:48Z,https://chem.nlm.nih.gov/chemidplus/rn/9004-67-5,Synonyms,Methocel 4000 CPS
2020-09-21T16:53:48Z,https://chem.nlm.nih.gov/chemidplus/rn/9004-67-5,Synonyms,Methocel 4000CPS
2020-09-21T16:53:48Z,https://chem.nlm.nih.gov/chemidplus/rn/9004-67-5,Synonyms,Methocel 400CPS
2020-09-21T16:53:48Z,https://chem.nlm.nih.gov/chemidplus/rn/9004-67-5,Synonyms,Methocel A
2020-09-21T16:53:48Z,https://chem.nlm.nih.gov/chemidplus/rn/9004-67-5,Synonyms,Methocel A 4000
2020-09-21T16:53:48Z,https://chem.nlm.nih.gov/chemidplus/rn/9004-67-5,Synonyms,Methocel CHG
2020-09-21T16:53:48Z,https://chem.nlm.nih.gov/chemidplus/rn/9004-67-5,Synonyms,Methocel MC
2020-09-21T16:53:48Z,https://chem.nlm.nih.gov/chemidplus/rn/9004-67-5,Synonyms,Methocel MC 25
2020-09-21T16:53:48Z,https://chem.nlm.nih.gov/chemidplus/rn/9004-67-5,Synonyms,Methocel MC 8000
2020-09-21T16:53:48Z,https://chem.nlm.nih.gov/chemidplus/rn/9004-67-5,Synonyms,Methocel MC4000
2020-09-21T16:53:48Z,https://chem.nlm.nih.gov/chemidplus/rn/9004-67-5,Synonyms,Methocel SM 100
2020-09-21T16:53:48Z,https://chem.nlm.nih.gov/chemidplus/rn/9004-67-5,Synonyms,Methulose
2020-09-21T16:53:48Z,https://chem.nlm.nih.gov/chemidplus/rn/9004-67-5,Synonyms,Methyl cellulose
2020-09-21T16:53:48Z,https://chem.nlm.nih.gov/chemidplus/rn/9004-67-5,Synonyms,Methyl cellulose ether
2020-09-21T16:53:48Z,https://chem.nlm.nih.gov/chemidplus/rn/9004-67-5,Synonyms,Methyl cellulose-A
2020-09-21T16:53:48Z,https://chem.nlm.nih.gov/chemidplus/rn/9004-67-5,Synonyms,Methylcellulose
2020-09-21T16:53:48Z,https://chem.nlm.nih.gov/chemidplus/rn/9004-67-5,Synonyms,Methylcellulose (1/2%)
2020-09-21T16:53:48Z,https://chem.nlm.nih.gov/chemidplus/rn/9004-67-5,Synonyms,Methylcellulose (4000 cps)
2020-09-21T16:53:48Z,https://chem.nlm.nih.gov/chemidplus/rn/9004-67-5,Synonyms,Methylcellulose (4000 mpa.s)
2020-09-21T16:53:48Z,https://chem.nlm.nih.gov/chemidplus/rn/9004-67-5,Synonyms,Methylcellulosum
2020-09-21T16:53:48Z,https://chem.nlm.nih.gov/chemidplus/rn/9004-67-5,Synonyms,Methylcellulosum [INN-Latin]
2020-09-21T16:53:48Z,https://chem.nlm.nih.gov/chemidplus/rn/9004-67-5,Synonyms,Metilcellulosa
2020-09-21T16:53:48Z,https://chem.nlm.nih.gov/chemidplus/rn/9004-67-5,Synonyms,Metilcellulosa [DCIT]
2020-09-21T16:53:48Z,https://chem.nlm.nih.gov/chemidplus/rn/9004-67-5,Synonyms,Metilcelulosa
2020-09-21T16:53:48Z,https://chem.nlm.nih.gov/chemidplus/rn/9004-67-5,Synonyms,Metilcelulosa [INN-Spanish]
2020-09-21T16:53:48Z,https://chem.nlm.nih.gov/chemidplus/rn/9004-67-5,Synonyms,Metolose 60SH
2020-09-21T16:53:48Z,https://chem.nlm.nih.gov/chemidplus/rn/9004-67-5,Synonyms,Metolose 60SH400
2020-09-21T16:53:48Z,https://chem.nlm.nih.gov/chemidplus/rn/9004-67-5,Synonyms,Metolose MC 8000
2020-09-21T16:53:48Z,https://chem.nlm.nih.gov/chemidplus/rn/9004-67-5,Synonyms,Metolose SM 100
2020-09-21T16:53:48Z,https://chem.nlm.nih.gov/chemidplus/rn/9004-67-5,Synonyms,Metolose SM 15
2020-09-21T16:53:48Z,https://chem.nlm.nih.gov/chemidplus/rn/9004-67-5,Synonyms,Metolose SM 4000
2020-09-21T16:53:48Z,https://chem.nlm.nih.gov/chemidplus/rn/9004-67-5,Synonyms,MMTs-BTR
2020-09-21T16:53:48Z,https://chem.nlm.nih.gov/chemidplus/rn/9004-67-5,Synonyms,Napolone
2020-09-21T16:53:48Z,https://chem.nlm.nih.gov/chemidplus/rn/9004-67-5,Synonyms,Nicel
2020-09-21T16:53:48Z,https://chem.nlm.nih.gov/chemidplus/rn/9004-67-5,Synonyms,Rhomellose
2020-09-21T16:53:48Z,https://chem.nlm.nih.gov/chemidplus/rn/9004-67-5,Synonyms,SM-4000
2020-09-21T16:53:48Z,https://chem.nlm.nih.gov/chemidplus/rn/9004-67-5,Synonyms,Syncelose
2020-09-21T16:53:48Z,https://chem.nlm.nih.gov/chemidplus/rn/9004-67-5,Synonyms,Tylose
2020-09-21T16:53:48Z,https://chem.nlm.nih.gov/chemidplus/rn/9004-67-5,Synonyms,Tylose 444
2020-09-21T16:53:48Z,https://chem.nlm.nih.gov/chemidplus/rn/9004-67-5,Synonyms,Tylose A4S
2020-09-21T16:53:48Z,https://chem.nlm.nih.gov/chemidplus/rn/9004-67-5,Synonyms,Tylose MF
2020-09-21T16:53:48Z,https://chem.nlm.nih.gov/chemidplus/rn/9004-67-5,Synonyms,Tylose MH1000
2020-09-21T16:53:48Z,https://chem.nlm.nih.gov/chemidplus/rn/9004-67-5,Synonyms,Tylose MH20
2020-09-21T16:53:48Z,https://chem.nlm.nih.gov/chemidplus/rn/9004-67-5,Synonyms,Tylose MH2000
2020-09-21T16:53:48Z,https://chem.nlm.nih.gov/chemidplus/rn/9004-67-5,Synonyms,Tylose MH300
2020-09-21T16:53:48Z,https://chem.nlm.nih.gov/chemidplus/rn/9004-67-5,Synonyms,Tylose MH300P
2020-09-21T16:53:48Z,https://chem.nlm.nih.gov/chemidplus/rn/9004-67-5,Synonyms,Tylose MH4000
2020-09-21T16:53:48Z,https://chem.nlm.nih.gov/chemidplus/rn/9004-67-5,Synonyms,Tylose MH50
2020-09-21T16:53:48Z,https://chem.nlm.nih.gov/chemidplus/rn/9004-67-5,Synonyms,Tylose SAP
2020-09-21T16:53:48Z,https://chem.nlm.nih.gov/chemidplus/rn/9004-67-5,Synonyms,Tylose SL
2020-09-21T16:53:48Z,https://chem.nlm.nih.gov/chemidplus/rn/9004-67-5,Synonyms,Tylose SL 100
2020-09-21T16:53:48Z,https://chem.nlm.nih.gov/chemidplus/rn/9004-67-5,Synonyms,Tylose SL 400
2020-09-21T16:53:48Z,https://chem.nlm.nih.gov/chemidplus/rn/9004-67-5,Synonyms,Tylose SL 600
2020-09-21T16:53:48Z,https://chem.nlm.nih.gov/chemidplus/rn/9004-67-5,Synonyms,Tylose TWA
2020-09-21T16:53:48Z,https://chem.nlm.nih.gov/chemidplus/rn/9004-67-5,Synonyms,UNII-4GFU244C4J
2020-09-21T16:53:48Z,https://chem.nlm.nih.gov/chemidplus/rn/9004-67-5,Synonyms,UNII-BI55GG2WLI
2020-09-21T16:53:48Z,https://chem.nlm.nih.gov/chemidplus/rn/9004-67-5,Synonyms,UNII-MRJ667KA5E
2020-09-21T16:53:48Z,https://chem.nlm.nih.gov/chemidplus/rn/9004-67-5,Synonyms,UNII-NPU9M2E6L8
2020-09-21T16:53:48Z,https://chem.nlm.nih.gov/chemidplus/rn/9004-67-5,Synonyms,UNII-O0GN6F9B2Y
2020-09-21T16:53:48Z,https://chem.nlm.nih.gov/chemidplus/rn/9004-67-5,Synonyms,UNII-P0NTE48364
2020-09-21T16:53:48Z,https://chem.nlm.nih.gov/chemidplus/rn/9004-67-5,Synonyms,UNII-Z944H5SN0H
2020-09-21T16:53:48Z,https://chem.nlm.nih.gov/chemidplus/rn/9004-67-5,Synonyms,USP methylcellulose
2020-09-21T16:53:48Z,https://chem.nlm.nih.gov/chemidplus/rn/9004-67-5,Synonyms,Viscol
2020-09-21T16:53:48Z,https://chem.nlm.nih.gov/chemidplus/rn/9004-67-5,Synonyms,Viscontran L52
2020-09-21T16:53:48Z,https://chem.nlm.nih.gov/chemidplus/rn/9004-67-5,Synonyms,Viscosol
2020-09-21T16:53:48Z,https://chem.nlm.nih.gov/chemidplus/rn/9004-67-5,Synonyms,Walsroder MC 20000S
2020-09-21T16:53:48Z,https://chem.nlm.nih.gov/chemidplus/rn/9004-67-5,Systematic Names,"Cellulose, methyl ether"
2020-09-21T16:53:48Z,https://chem.nlm.nih.gov/chemidplus/rn/9004-67-5,Systematic Names,Methyl cellulose
2020-09-21T16:53:48Z,https://chem.nlm.nih.gov/chemidplus/rn/9004-67-5,Superlist Names,Methyl cellulose
2020-09-21T16:53:48Z,https://chem.nlm.nih.gov/chemidplus/rn/9004-67-5,Superlist Names,Methylcellulose
2020-09-21T16:54:01Z,https://chem.nlm.nih.gov/chemidplus/rn/1421373-65-0,Name of Substance,AZD-9291
2020-09-21T16:54:01Z,https://chem.nlm.nih.gov/chemidplus/rn/1421373-65-0,Name of Substance,Mereletinib [INN]
2020-09-21T16:54:01Z,https://chem.nlm.nih.gov/chemidplus/rn/1421373-65-0,Name of Substance,Osimertinib [USAN]
2020-09-21T16:54:01Z,https://chem.nlm.nih.gov/chemidplus/rn/1421373-65-0,Synonyms,"2-Propenamide, N-(2-((2-(dimethylamino)ethyl)methylamino)-4-methoxy-5-((4-(1-methyl-1H-indol-3-yl)-2-pyrimidinyl)amino)phenyl)-"
2020-09-21T16:54:01Z,https://chem.nlm.nih.gov/chemidplus/rn/1421373-65-0,Synonyms,AZD 9291
2020-09-21T16:54:01Z,https://chem.nlm.nih.gov/chemidplus/rn/1421373-65-0,Synonyms,AZD-9291
2020-09-21T16:54:01Z,https://chem.nlm.nih.gov/chemidplus/rn/1421373-65-0,Synonyms,AZD9291
2020-09-21T16:54:01Z,https://chem.nlm.nih.gov/chemidplus/rn/1421373-65-0,Synonyms,Mereletinib
2020-09-21T16:54:01Z,https://chem.nlm.nih.gov/chemidplus/rn/1421373-65-0,Synonyms,Osimertinib
2020-09-21T16:54:01Z,https://chem.nlm.nih.gov/chemidplus/rn/1421373-65-0,Synonyms,Tagrisso
2020-09-21T16:54:01Z,https://chem.nlm.nih.gov/chemidplus/rn/1421373-65-0,Synonyms,UNII-3C06JJ0Z2O
2020-09-21T16:54:08Z,https://chem.nlm.nih.gov/chemidplus/rn/1421373-66-1,Name of Substance,Mereletinib mesylate
2020-09-21T16:54:08Z,https://chem.nlm.nih.gov/chemidplus/rn/1421373-66-1,Name of Substance,Osimertinib mesylate [USAN]
2020-09-21T16:54:08Z,https://chem.nlm.nih.gov/chemidplus/rn/1421373-66-1,Synonyms,"2-Propenamide, N-(2-((2-(dimethylamino)ethyl)methylamino)-4-methoxy-5-((4-(1-methyl-1H-indol-3-yl)-2-pyrimidinyl)amino)phenyl)-, methanesulfonate (1:1)"
2020-09-21T16:54:08Z,https://chem.nlm.nih.gov/chemidplus/rn/1421373-66-1,Synonyms,AZD9291 mesylate
2020-09-21T16:54:08Z,https://chem.nlm.nih.gov/chemidplus/rn/1421373-66-1,Synonyms,Mereletinib mesylate
2020-09-21T16:54:08Z,https://chem.nlm.nih.gov/chemidplus/rn/1421373-66-1,Synonyms,Osimertinib mesylate
2020-09-21T16:54:08Z,https://chem.nlm.nih.gov/chemidplus/rn/1421373-66-1,Synonyms,Tagrisso
2020-09-21T16:54:08Z,https://chem.nlm.nih.gov/chemidplus/rn/1421373-66-1,Synonyms,UNII-RDL94R2A16
2020-09-21T16:54:15Z,https://chem.nlm.nih.gov/chemidplus/rn/1421373-98-9,Name of Substance,N-(2-((2-(Dimethylamino)ethyl)methylamino)-5-((4-(1H-indol-3-yl)-2-pyrimidinyl)amino)-4-methoxyphenyl)-2-propenamide
2020-09-21T16:54:15Z,https://chem.nlm.nih.gov/chemidplus/rn/1421373-98-9,Synonyms,"2-Propenamide, N-(2-((2-(dimethylamino)ethyl)methylamino)-5-((4-(1H-indol-3-yl)-2-pyrimidinyl)amino)-4-methoxyphenyl)-"
2020-09-21T16:54:15Z,https://chem.nlm.nih.gov/chemidplus/rn/1421373-98-9,Synonyms,AZ-5104
2020-09-21T16:54:15Z,https://chem.nlm.nih.gov/chemidplus/rn/1421373-98-9,Synonyms,AZ5104
2020-09-21T16:54:15Z,https://chem.nlm.nih.gov/chemidplus/rn/1421373-98-9,Synonyms,N-(2-((2-(Dimethylamino)ethyl)methylamino)-5-((4-(1H-indol-3-yl)-2-pyrimidinyl)amino)-4-methoxyphenyl)-2-propenamide
2020-09-21T16:54:15Z,https://chem.nlm.nih.gov/chemidplus/rn/1421373-98-9,Synonyms,Osimertinib metabolite M6
2020-09-21T16:54:15Z,https://chem.nlm.nih.gov/chemidplus/rn/1421373-98-9,Synonyms,UNII-2DWZ6SE1E1
2020-09-21T16:54:22Z,https://chem.nlm.nih.gov/chemidplus/rn/1421373-99-0,Name of Substance,N-(4-Methoxy-5-((4-(1-methyl-1H-indol-3-yl)-2-pyrimidinyl)amino)-2-(methyl(2-(methylamino)ethyl)amino)phenyl)-2-propenamide
2020-09-21T16:54:22Z,https://chem.nlm.nih.gov/chemidplus/rn/1421373-99-0,Synonyms,"2-Propenamide, N-(4-methoxy-5-((4-(1-methyl-1H-indol-3-yl)-2-pyrimidinyl)amino)-2-(methyl(2-(methylamino)ethyl)amino)phenyl)-"
2020-09-21T16:54:22Z,https://chem.nlm.nih.gov/chemidplus/rn/1421373-99-0,Synonyms,AZ-7550
2020-09-21T16:54:22Z,https://chem.nlm.nih.gov/chemidplus/rn/1421373-99-0,Synonyms,AZ7550
2020-09-21T16:54:22Z,https://chem.nlm.nih.gov/chemidplus/rn/1421373-99-0,Synonyms,N-(4-Methoxy-5-((4-(1-methyl-1H-indol-3-yl)-2-pyrimidinyl)amino)-2-(methyl(2-(methylamino)ethyl)amino)phenyl)-2-propenamide
2020-09-21T16:54:22Z,https://chem.nlm.nih.gov/chemidplus/rn/1421373-99-0,Synonyms,Osimertinib metabolite M3
2020-09-21T16:54:22Z,https://chem.nlm.nih.gov/chemidplus/rn/1421373-99-0,Synonyms,UNII-NI2ZUZ6F4O
2020-09-21T16:58:18Z,https://chem.nlm.nih.gov/chemidplus/rn/742092-03-1,Results Name,Vintafolide [USAN:INN]
2020-09-21T16:58:18Z,https://chem.nlm.nih.gov/chemidplus/rn/742092-03-1,Name of Substance,Desacetylvinblastine hydrazide conjugate with Folic acid
2020-09-21T16:58:18Z,https://chem.nlm.nih.gov/chemidplus/rn/742092-03-1,Name of Substance,Vintafolide [USAN:INN]
2020-09-21T16:58:18Z,https://chem.nlm.nih.gov/chemidplus/rn/742092-03-1,Synonyms,Desacetylvinblastine hydrazide conjugate with Folic acid
2020-09-21T16:58:18Z,https://chem.nlm.nih.gov/chemidplus/rn/742092-03-1,Synonyms,EC 145
2020-09-21T16:58:18Z,https://chem.nlm.nih.gov/chemidplus/rn/742092-03-1,Synonyms,EC145
2020-09-21T16:58:18Z,https://chem.nlm.nih.gov/chemidplus/rn/742092-03-1,Synonyms,UNII-36O410ZD4I
2020-09-21T16:58:18Z,https://chem.nlm.nih.gov/chemidplus/rn/742092-03-1,Synonyms,Vintafolide
2020-09-21T16:58:18Z,https://chem.nlm.nih.gov/chemidplus/rn/742092-03-1,Synonyms,Vynfinit
2020-09-21T16:58:18Z,https://chem.nlm.nih.gov/chemidplus/rn/742092-03-1,Systematic Names,"N-(4-(((2-amino-4-oxo-1,4-dihydropteridin-6-yl)methyl)amino)benzoyl)-L-alpha-glutamyl-L-alpha-aspartyl-L-arginyl-L-alpha-aspartyl-L-alpha-aspartyl-L-cysteine disulfide with methyl (5S,7R,9S)- 5-ethyl-9-((3aR,4R,5S,5aR,10bR,13aR)-3a-ethyl-4,5-dihydroxy-8-"
2020-09-21T16:58:18Z,https://chem.nlm.nih.gov/chemidplus/rn/742092-03-1,Systematic Names,"Vincaleukoblastin-23-oic acid, O4-deacetyl-, 2-((2-mercaptoethoxy)carbonyl)hydrazide, disulfide with N-(4-(((2-amino-3,4-dihydro-4-oxo-6-pteridinyl)methyl)amino)benzoyl)-L-alpha-glutamyl-L-alpha-aspartyl-L-arginyl-L-alpha-aspartyl-L-alpha-aspartyl-L-cyst"
2020-09-21T16:58:31Z,https://chem.nlm.nih.gov/chemidplus/rn/1380575-43-8,Name of Substance,Ceritinib dihydrochloride
2020-09-21T16:58:31Z,https://chem.nlm.nih.gov/chemidplus/rn/1380575-43-8,Synonyms,"2,4-Pyrimidinediamine, 5-chloro-N4-(2-((1-methylethyl)sulfonyl)phenyl)-N2-(5-methyl-2-(1-methylethoxy)-4-(4-piperidinyl)phenyl)-, hydrochloride (1:2)"
2020-09-21T16:58:31Z,https://chem.nlm.nih.gov/chemidplus/rn/1380575-43-8,Synonyms,Ceritinib dihydrochloride
2020-09-21T16:58:31Z,https://chem.nlm.nih.gov/chemidplus/rn/1380575-43-8,Synonyms,LDK-378 hydrochloride
2020-09-21T16:58:31Z,https://chem.nlm.nih.gov/chemidplus/rn/1380575-43-8,Synonyms,UNII-08381UU98P
2020-09-21T16:59:16Z,https://chem.nlm.nih.gov/chemidplus/rn/1956366-10-1,Name of Substance,Ulixertinib hydrochloride
2020-09-21T16:59:16Z,https://chem.nlm.nih.gov/chemidplus/rn/1956366-10-1,Synonyms,(S)-4-(5-Chloro-2-(isopropylamino)pyridin-4-yl)-N-(1-(3-chlorophenyl)-2-hydroxyethyl)-1H-pyrrole-2-carboxamide hydrochloride
2020-09-21T16:59:16Z,https://chem.nlm.nih.gov/chemidplus/rn/1956366-10-1,Synonyms,"1H-Pyrrole-2-carboxamide, 4-(5-chloro-2-((1-methylethyl)amino)-4-pyridinyl)-N-((1S)-1-(3-chlorophenyl)-2-hydroxyethyl)-, hydrochloride (1:1)"
2020-09-21T16:59:16Z,https://chem.nlm.nih.gov/chemidplus/rn/1956366-10-1,Synonyms,Ulixertinib hydrochloride
2020-09-21T16:59:16Z,https://chem.nlm.nih.gov/chemidplus/rn/1956366-10-1,Synonyms,UNII-3K792HRQ8B
2020-09-21T17:00:24Z,https://chem.nlm.nih.gov/chemidplus/rn/9041-22-9,Name of Substance,beta-Glucan
2020-09-21T17:00:24Z,https://chem.nlm.nih.gov/chemidplus/rn/9041-22-9,MeSH Heading,beta-Glucans
2020-09-21T17:00:24Z,https://chem.nlm.nih.gov/chemidplus/rn/9041-22-9,Synonyms,beta-Glucan
2020-09-21T17:00:24Z,https://chem.nlm.nih.gov/chemidplus/rn/9041-22-9,Synonyms,beta-Glucosylglucan
2020-09-21T17:00:24Z,https://chem.nlm.nih.gov/chemidplus/rn/9041-22-9,Synonyms,CCRIS 8998
2020-09-21T17:00:24Z,https://chem.nlm.nih.gov/chemidplus/rn/9041-22-9,Synonyms,Epiglucan
2020-09-21T17:00:24Z,https://chem.nlm.nih.gov/chemidplus/rn/9041-22-9,Systematic Name,beta-D-Glucan
2020-09-21T17:01:56Z,https://chem.nlm.nih.gov/chemidplus/rn/1217486-61-7,Name of Substance,Alpelisib [USAN:INN]
2020-09-21T17:01:56Z,https://chem.nlm.nih.gov/chemidplus/rn/1217486-61-7,Name of Substance,BYL-719
2020-09-21T17:01:56Z,https://chem.nlm.nih.gov/chemidplus/rn/1217486-61-7,Synonyms,"(S)-Pyrrolidine-1,2-dicarboxylic acid 2-amide 1-(4-methyl-5-(2-(2,2,2-trifluoro-1,1-dimethylethyl)-pyridin-4-yl)thiazol-2-yl)amide"
2020-09-21T17:01:56Z,https://chem.nlm.nih.gov/chemidplus/rn/1217486-61-7,Synonyms,"1,2-Pyrrolidinedicarboxamide, N1-(4-methyl-5-(2-(2,2,2-trifluoro-1,1-dimethylethyl)-4-pyridinyl)-2-thiazolyl)-, (2S)-"
2020-09-21T17:01:56Z,https://chem.nlm.nih.gov/chemidplus/rn/1217486-61-7,Synonyms,Alpelisib
2020-09-21T17:01:56Z,https://chem.nlm.nih.gov/chemidplus/rn/1217486-61-7,Synonyms,BYL 719
2020-09-21T17:01:56Z,https://chem.nlm.nih.gov/chemidplus/rn/1217486-61-7,Synonyms,BYL-719
2020-09-21T17:01:56Z,https://chem.nlm.nih.gov/chemidplus/rn/1217486-61-7,Synonyms,BYL719
2020-09-21T17:01:56Z,https://chem.nlm.nih.gov/chemidplus/rn/1217486-61-7,Synonyms,UNII-08W5N2C97Q
2020-09-21T17:02:25Z,https://chem.nlm.nih.gov/chemidplus/rn/2126132-98-5,Name of Substance,Fianlimab [USAN]
2020-09-21T17:02:25Z,https://chem.nlm.nih.gov/chemidplus/rn/2126132-98-5,Synonyms,Fianlimab
2020-09-21T17:02:25Z,https://chem.nlm.nih.gov/chemidplus/rn/2126132-98-5,Synonyms,"Immunoglobulin G4 (231-proline, 236-proline, 237-valine, 238-alanine), anti-(human lymphocyte-activation gene 3) (human monoclonal REGN3767 gamma1-chain), disulfide with human monoclonal REGN3767 kappa-chain, dimer"
2020-09-21T17:02:25Z,https://chem.nlm.nih.gov/chemidplus/rn/2126132-98-5,Synonyms,REGN3767
2020-09-21T17:02:25Z,https://chem.nlm.nih.gov/chemidplus/rn/2126132-98-5,Synonyms,UNII-OX5LRQ5H6K
2020-09-21T17:02:25Z,https://chem.nlm.nih.gov/chemidplus/rn/2126132-98-5,Synonyms,WHO 11182
2020-09-21T17:04:32Z,https://chem.nlm.nih.gov/chemidplus/rn/404844-02-6,Results Name,N-Desmethylimatinib
2020-09-21T17:04:32Z,https://chem.nlm.nih.gov/chemidplus/rn/404844-02-6,Name of Substance,CGP-74588
2020-09-21T17:04:32Z,https://chem.nlm.nih.gov/chemidplus/rn/404844-02-6,Synonyms,"Benzamide, N-(4-methyl-3-((4-(3-pyridinyl)-2-pyrimidinyl)amino)phenyl)-4-(1-piperazinylmethyl)-"
2020-09-21T17:04:32Z,https://chem.nlm.nih.gov/chemidplus/rn/404844-02-6,Synonyms,CGP 74588
2020-09-21T17:04:32Z,https://chem.nlm.nih.gov/chemidplus/rn/404844-02-6,Synonyms,CGP-74588
2020-09-21T17:04:32Z,https://chem.nlm.nih.gov/chemidplus/rn/404844-02-6,Synonyms,N Desmethyl imatinib
2020-09-21T17:04:32Z,https://chem.nlm.nih.gov/chemidplus/rn/404844-02-6,Synonyms,N-Desmethyl imatinib
2020-09-21T17:04:32Z,https://chem.nlm.nih.gov/chemidplus/rn/404844-02-6,Synonyms,N-Desmethylimatinib
2020-09-21T17:04:32Z,https://chem.nlm.nih.gov/chemidplus/rn/404844-02-6,Synonyms,Norimatinib
2020-09-21T17:04:32Z,https://chem.nlm.nih.gov/chemidplus/rn/404844-02-6,Synonyms,STI-509-00
2020-09-21T17:04:32Z,https://chem.nlm.nih.gov/chemidplus/rn/404844-02-6,Synonyms,STI-50900
2020-09-21T17:04:32Z,https://chem.nlm.nih.gov/chemidplus/rn/404844-02-6,Synonyms,UNII-6GOH0N63QD
2020-09-21T17:10:03Z,https://chem.nlm.nih.gov/chemidplus/rn/1513857-77-6,Results Name,Pemigatinib [USAN:INN]
2020-09-21T17:10:03Z,https://chem.nlm.nih.gov/chemidplus/rn/1513857-77-6,Name of Substance,Pemigatinib
2020-09-21T17:10:03Z,https://chem.nlm.nih.gov/chemidplus/rn/1513857-77-6,Name of Substance,Pemigatinib [USAN]
2020-09-21T17:10:03Z,https://chem.nlm.nih.gov/chemidplus/rn/1513857-77-6,Synonyms,"2H-Pyrrolo(3',2':5,6)pyrido(4,3-d)pyrimidin-2-one, 3-(2,6-difluoro-3,5-dimethoxyphenyl)-1-ethyl-1,3,4,7-tetrahydro-8-(4-morpholinylmethyl)-"
2020-09-21T17:10:03Z,https://chem.nlm.nih.gov/chemidplus/rn/1513857-77-6,Synonyms,Fgfr inhibitor INCB054828
2020-09-21T17:10:03Z,https://chem.nlm.nih.gov/chemidplus/rn/1513857-77-6,Synonyms,INCB054828
2020-09-21T17:10:03Z,https://chem.nlm.nih.gov/chemidplus/rn/1513857-77-6,Synonyms,Pemigatinib
2020-09-21T17:10:03Z,https://chem.nlm.nih.gov/chemidplus/rn/1513857-77-6,Synonyms,Pemigatinib [INN]
2020-09-21T17:10:03Z,https://chem.nlm.nih.gov/chemidplus/rn/1513857-77-6,Synonyms,UNII-Y6BX7BL23K
2020-09-21T17:11:16Z,https://chem.nlm.nih.gov/chemidplus/rn/115575-11-6,Results Name,Liarozole [INN:BAN]
2020-09-21T17:11:16Z,https://chem.nlm.nih.gov/chemidplus/rn/115575-11-6,Name of Substance,Liarozole
2020-09-21T17:11:16Z,https://chem.nlm.nih.gov/chemidplus/rn/115575-11-6,Name of Substance,Liarozole [INN:BAN]
2020-09-21T17:11:16Z,https://chem.nlm.nih.gov/chemidplus/rn/115575-11-6,Synonyms,Liarozol
2020-09-21T17:11:16Z,https://chem.nlm.nih.gov/chemidplus/rn/115575-11-6,Synonyms,Liarozol [INN-Spanish]
2020-09-21T17:11:16Z,https://chem.nlm.nih.gov/chemidplus/rn/115575-11-6,Synonyms,Liarozole
2020-09-21T17:11:16Z,https://chem.nlm.nih.gov/chemidplus/rn/115575-11-6,Synonyms,Liarozole fumarate
2020-09-21T17:11:16Z,https://chem.nlm.nih.gov/chemidplus/rn/115575-11-6,Synonyms,Liarozolum
2020-09-21T17:11:16Z,https://chem.nlm.nih.gov/chemidplus/rn/115575-11-6,Synonyms,Liarozolum [INN-Latin]
2020-09-21T17:11:16Z,https://chem.nlm.nih.gov/chemidplus/rn/115575-11-6,Synonyms,R 085246
2020-09-21T17:11:16Z,https://chem.nlm.nih.gov/chemidplus/rn/115575-11-6,Synonyms,R 61405
2020-09-21T17:11:16Z,https://chem.nlm.nih.gov/chemidplus/rn/115575-11-6,Synonyms,R 75251
2020-09-21T17:11:16Z,https://chem.nlm.nih.gov/chemidplus/rn/115575-11-6,Synonyms,R-085246
2020-09-21T17:11:16Z,https://chem.nlm.nih.gov/chemidplus/rn/115575-11-6,Synonyms,R-61405
2020-09-21T17:11:16Z,https://chem.nlm.nih.gov/chemidplus/rn/115575-11-6,Synonyms,R-75251
2020-09-21T17:11:16Z,https://chem.nlm.nih.gov/chemidplus/rn/115575-11-6,Synonyms,R085246
2020-09-21T17:11:16Z,https://chem.nlm.nih.gov/chemidplus/rn/115575-11-6,Synonyms,UNII-K0Q29TGV9Y
2020-09-21T17:11:16Z,https://chem.nlm.nih.gov/chemidplus/rn/115575-11-6,Systematic Name,"1H-Benzimidazole, 5-((3-chlorophenyl)-1H-imidazol-1-ylmethyl)-"
2020-09-21T17:11:23Z,https://chem.nlm.nih.gov/chemidplus/rn/145858-50-0,Name of Substance,Liarozole hydrochloride [USAN]
2020-09-21T17:11:23Z,https://chem.nlm.nih.gov/chemidplus/rn/145858-50-0,Synonyms,(+-)-5-(m-Chloro-alpha-imidazol-1-ylbenzyl)benzimidazole monohydrochloride
2020-09-21T17:11:23Z,https://chem.nlm.nih.gov/chemidplus/rn/145858-50-0,Synonyms,"1H-Benzimidazole, 5-((3-chlorophenyl)-1H-imidazol-1-ylmethyl)-, monohydrochloride, (+-)-"
2020-09-21T17:11:23Z,https://chem.nlm.nih.gov/chemidplus/rn/145858-50-0,Synonyms,Liarozole HCl
2020-09-21T17:11:23Z,https://chem.nlm.nih.gov/chemidplus/rn/145858-50-0,Synonyms,Liarozole hydrochloride
2020-09-21T17:11:23Z,https://chem.nlm.nih.gov/chemidplus/rn/145858-50-0,Synonyms,R 75251
2020-09-21T17:11:23Z,https://chem.nlm.nih.gov/chemidplus/rn/145858-50-0,Synonyms,UNII-29T7S2IB97
2020-09-21T17:11:23Z,https://chem.nlm.nih.gov/chemidplus/rn/145858-50-0,Systematic Name,"1H-Benzimidazole, 5-((3-chlorophenyl)-1H-imidazol-1-ylmethyl)-, monohydrochloride, (+-)-"
2020-09-21T17:11:29Z,https://chem.nlm.nih.gov/chemidplus/rn/145858-52-2,Name of Substance,Liarozole fumarate [USAN]
2020-09-21T17:11:29Z,https://chem.nlm.nih.gov/chemidplus/rn/145858-52-2,Synonyms,(+-)-5-(m-Chloro-alpha-imidazol-1-ylbenzyl)benzimidazole fumarate (2:3)
2020-09-21T17:11:29Z,https://chem.nlm.nih.gov/chemidplus/rn/145858-52-2,Synonyms,"1H-Benzimidazole, 5-((3-chlorophenyl)-1H-imidazol-1-ylmethyl)-, (+-)-, (E)-2-butenedioate (2:3)"
2020-09-21T17:11:29Z,https://chem.nlm.nih.gov/chemidplus/rn/145858-52-2,Synonyms,Liarozole fumarate
2020-09-21T17:11:29Z,https://chem.nlm.nih.gov/chemidplus/rn/145858-52-2,Synonyms,Liazal
2020-09-21T17:11:29Z,https://chem.nlm.nih.gov/chemidplus/rn/145858-52-2,Synonyms,R 85246
2020-09-21T17:11:29Z,https://chem.nlm.nih.gov/chemidplus/rn/145858-52-2,Synonyms,UNII-91W7VLK7J3
2020-09-21T17:11:29Z,https://chem.nlm.nih.gov/chemidplus/rn/145858-52-2,Systematic Name,"1H-Benzimidazole, 5-((3-chlorophenyl)-1H-imidazol-1-ylmethyl)-, (+-)-, (E)-2-butenedioate (2:3)"
2020-09-21T17:11:36Z,https://chem.nlm.nih.gov/chemidplus/rn/171849-18-6,Name of Substance,"Liarozole, (-)-"
2020-09-21T17:11:36Z,https://chem.nlm.nih.gov/chemidplus/rn/171849-18-6,Synonyms,"1H-Benzimidazole, 5-((3-chlorophenyl)-1H-imidazol-1-ylmethyl)-, (-)-"
2020-09-21T17:11:36Z,https://chem.nlm.nih.gov/chemidplus/rn/171849-18-6,Synonyms,"Liarozole, (-)-"
2020-09-21T17:11:36Z,https://chem.nlm.nih.gov/chemidplus/rn/171849-18-6,Synonyms,UNII-17NYD2210B
2020-09-21T17:11:43Z,https://chem.nlm.nih.gov/chemidplus/rn/172282-43-8,Name of Substance,"Liarozole, (+)-"
2020-09-21T17:11:43Z,https://chem.nlm.nih.gov/chemidplus/rn/172282-43-8,Synonyms,"1H-Benzimidazole, 5-((3-chlorophenyl)-1H-imidazol-1-ylmethyl)-, (+)-"
2020-09-21T17:11:43Z,https://chem.nlm.nih.gov/chemidplus/rn/172282-43-8,Synonyms,"Liarozole, (+)-"
2020-09-21T17:11:43Z,https://chem.nlm.nih.gov/chemidplus/rn/172282-43-8,Synonyms,UNII-090Y06W08H
2020-09-21T17:12:30Z,https://chem.nlm.nih.gov/chemidplus/rn/1446502-11-9,Results Name,Enasidenib [USAN:INN]
2020-09-21T17:12:30Z,https://chem.nlm.nih.gov/chemidplus/rn/1446502-11-9,Name of Substance,Enasidenib
2020-09-21T17:12:30Z,https://chem.nlm.nih.gov/chemidplus/rn/1446502-11-9,Name of Substance,Enasidenib [USAN:INN]
2020-09-21T17:12:30Z,https://chem.nlm.nih.gov/chemidplus/rn/1446502-11-9,Synonyms,"2-Methyl-1-(4-(6-(trifluoromethyl)pyridin-2-yl)-6-(2-(trifluoromethyl)pyridin-4-ylamino)-1,3,5-triazin-2-ylamino)propan-2-ol"
2020-09-21T17:12:30Z,https://chem.nlm.nih.gov/chemidplus/rn/1446502-11-9,Synonyms,"2-Propanol, 2-methyl-1-((4-(6-(trifluoromethyl)-2-pyridinyl)-6-((2-(trifluoromethyl)-4-pyridinyl)amino)-1,3,5-triazin-2-yl)amino)-"
2020-09-21T17:12:30Z,https://chem.nlm.nih.gov/chemidplus/rn/1446502-11-9,Synonyms,AG-221
2020-09-21T17:12:30Z,https://chem.nlm.nih.gov/chemidplus/rn/1446502-11-9,Synonyms,CC-90007 Free Base
2020-09-21T17:12:30Z,https://chem.nlm.nih.gov/chemidplus/rn/1446502-11-9,Synonyms,Enasidenib
2020-09-21T17:12:30Z,https://chem.nlm.nih.gov/chemidplus/rn/1446502-11-9,Synonyms,Enasidenib [INN]
2020-09-21T17:12:30Z,https://chem.nlm.nih.gov/chemidplus/rn/1446502-11-9,Synonyms,IDHIFA
2020-09-21T17:12:30Z,https://chem.nlm.nih.gov/chemidplus/rn/1446502-11-9,Synonyms,UNII-3T1SS4E7AG
2020-09-21T17:13:21Z,https://chem.nlm.nih.gov/chemidplus/rn/2060571-02-8,Name of Substance,GDC-0077
2020-09-21T17:13:21Z,https://chem.nlm.nih.gov/chemidplus/rn/2060571-02-8,Synonyms,GDC-0077
2020-09-21T17:13:21Z,https://chem.nlm.nih.gov/chemidplus/rn/2060571-02-8,Synonyms,GDC0077
2020-09-21T17:13:21Z,https://chem.nlm.nih.gov/chemidplus/rn/2060571-02-8,Synonyms,"Propanamide, 2-((2-((4S)-4-(difluoromethyl)-2-oxo-3-oxazolidinyl)-5,6-dihydroimidazo(1,2-d)(1,4)benzoxazepin-9-yl)amino)-, (2S)-"
2020-09-21T17:13:21Z,https://chem.nlm.nih.gov/chemidplus/rn/2060571-02-8,Synonyms,UNII-L4C1UY2NYH
2020-09-21T17:14:06Z,https://chem.nlm.nih.gov/chemidplus/rn/1256580-46-7,Name of Substance,Alectinib [USAN:INN]
2020-09-21T17:14:06Z,https://chem.nlm.nih.gov/chemidplus/rn/1256580-46-7,Synonyms,AF 802
2020-09-21T17:14:06Z,https://chem.nlm.nih.gov/chemidplus/rn/1256580-46-7,Synonyms,AF-802
2020-09-21T17:14:06Z,https://chem.nlm.nih.gov/chemidplus/rn/1256580-46-7,Synonyms,Alecensa
2020-09-21T17:14:06Z,https://chem.nlm.nih.gov/chemidplus/rn/1256580-46-7,Synonyms,Alectinib
2020-09-21T17:14:06Z,https://chem.nlm.nih.gov/chemidplus/rn/1256580-46-7,Synonyms,CH 5424802
2020-09-21T17:14:06Z,https://chem.nlm.nih.gov/chemidplus/rn/1256580-46-7,Synonyms,CH5424802
2020-09-21T17:14:06Z,https://chem.nlm.nih.gov/chemidplus/rn/1256580-46-7,Synonyms,UNII-LIJ4CT1Z3Y
2020-09-21T17:16:23Z,https://chem.nlm.nih.gov/chemidplus/rn/130167-69-0,Name of Substance,Pegaspargase
2020-09-21T17:16:23Z,https://chem.nlm.nih.gov/chemidplus/rn/130167-69-0,Name of Substance,Pegaspargase [USAN:INN]
2020-09-21T17:16:23Z,https://chem.nlm.nih.gov/chemidplus/rn/130167-69-0,Synonyms,(Monomethoxypolyethylene glycol succinimidyl)74-L-asparaginase
2020-09-21T17:16:23Z,https://chem.nlm.nih.gov/chemidplus/rn/130167-69-0,Synonyms,"Asparaginase, reaction product with succinic anhydride, esters with polyethylene glycol, monomethyl ether"
2020-09-21T17:16:23Z,https://chem.nlm.nih.gov/chemidplus/rn/130167-69-0,Synonyms,Oncaspar
2020-09-21T17:16:23Z,https://chem.nlm.nih.gov/chemidplus/rn/130167-69-0,Synonyms,PEG Asparaginase
2020-09-21T17:16:23Z,https://chem.nlm.nih.gov/chemidplus/rn/130167-69-0,Synonyms,PEG-asparaginase
2020-09-21T17:16:23Z,https://chem.nlm.nih.gov/chemidplus/rn/130167-69-0,Synonyms,PEG-L-asparaginase
2020-09-21T17:16:23Z,https://chem.nlm.nih.gov/chemidplus/rn/130167-69-0,Synonyms,Pegaspargasa
2020-09-21T17:16:23Z,https://chem.nlm.nih.gov/chemidplus/rn/130167-69-0,Synonyms,Pegaspargasa [INN-Spanish]
2020-09-21T17:16:23Z,https://chem.nlm.nih.gov/chemidplus/rn/130167-69-0,Synonyms,Pegaspargase
2020-09-21T17:16:23Z,https://chem.nlm.nih.gov/chemidplus/rn/130167-69-0,Synonyms,Pegaspargasum
2020-09-21T17:16:23Z,https://chem.nlm.nih.gov/chemidplus/rn/130167-69-0,Synonyms,Pegaspargasum [INN-Latin]
2020-09-21T17:16:23Z,https://chem.nlm.nih.gov/chemidplus/rn/130167-69-0,Synonyms,Pegylated L-Asparaginase
2020-09-21T17:16:23Z,https://chem.nlm.nih.gov/chemidplus/rn/130167-69-0,Synonyms,UNII-7D96IR0PPM
2020-09-21T17:16:23Z,https://chem.nlm.nih.gov/chemidplus/rn/130167-69-0,Systematic Name,Pegaspargase
2020-09-21T17:18:04Z,https://chem.nlm.nih.gov/chemidplus/rn/1864871-20-4,Results Name,Cusatuzumab [INN]
2020-09-21T17:18:04Z,https://chem.nlm.nih.gov/chemidplus/rn/1864871-20-4,Name of Substance,Cusatuzumab
2020-09-21T17:18:04Z,https://chem.nlm.nih.gov/chemidplus/rn/1864871-20-4,Synonyms,ARGX-110
2020-09-21T17:18:04Z,https://chem.nlm.nih.gov/chemidplus/rn/1864871-20-4,Synonyms,Cusatuzumab
2020-09-21T17:18:04Z,https://chem.nlm.nih.gov/chemidplus/rn/1864871-20-4,Synonyms,Cusatuzumab [INN]
2020-09-21T17:18:04Z,https://chem.nlm.nih.gov/chemidplus/rn/1864871-20-4,Synonyms,Humanized defucosylated anti-cd70 monoclonal IGG1 antibody
2020-09-21T17:18:04Z,https://chem.nlm.nih.gov/chemidplus/rn/1864871-20-4,Synonyms,Humanized-llama defucosylated anti-cd70 monoclonal IGG1 antibody
2020-09-21T17:18:04Z,https://chem.nlm.nih.gov/chemidplus/rn/1864871-20-4,Synonyms,UNII-RR5U4UFJ8L
2020-09-21T17:18:28Z,https://chem.nlm.nih.gov/chemidplus/rn/1252927-47-1,Name of Substance,GSK-1071306
2020-09-21T17:18:28Z,https://chem.nlm.nih.gov/chemidplus/rn/1252927-47-1,Synonyms,"Benzenesulfonamide, 5-((4-((2,3-dimethyl-2H-indazol-6-yl)amino)-2-pyrimidinyl)amino)-2-methyl-"
2020-09-21T17:18:28Z,https://chem.nlm.nih.gov/chemidplus/rn/1252927-47-1,Synonyms,GSK-1071306
2020-09-21T17:18:28Z,https://chem.nlm.nih.gov/chemidplus/rn/1252927-47-1,Synonyms,GSK1071306
2020-09-21T17:18:28Z,https://chem.nlm.nih.gov/chemidplus/rn/1252927-47-1,Synonyms,Pazopanib metabolite M27
2020-09-21T17:18:28Z,https://chem.nlm.nih.gov/chemidplus/rn/1252927-47-1,Synonyms,UNII-Z51V93OIDV
2020-09-21T17:18:35Z,https://chem.nlm.nih.gov/chemidplus/rn/1414375-49-7,Name of Substance,GSK-1268992
2020-09-21T17:18:35Z,https://chem.nlm.nih.gov/chemidplus/rn/1414375-49-7,Synonyms,5-((4-((3-(Hydroxymethyl)-2-methyl-indazol-6-yl)-methyl-amino)pyrimidin-2-yl)amino)-2-methyl-benzenesulfonamide
2020-09-21T17:18:35Z,https://chem.nlm.nih.gov/chemidplus/rn/1414375-49-7,Synonyms,GSK-1268992
2020-09-21T17:18:35Z,https://chem.nlm.nih.gov/chemidplus/rn/1414375-49-7,Synonyms,GSK1268992
2020-09-21T17:18:35Z,https://chem.nlm.nih.gov/chemidplus/rn/1414375-49-7,Synonyms,Pazopanib metabolite M24
2020-09-21T17:18:35Z,https://chem.nlm.nih.gov/chemidplus/rn/1414375-49-7,Synonyms,UNII-SX3LHF7K66
2020-09-21T17:22:00Z,https://chem.nlm.nih.gov/chemidplus/rn/1174014-05-1,Name of Substance,Ublituximab
2020-09-21T17:22:00Z,https://chem.nlm.nih.gov/chemidplus/rn/1174014-05-1,Name of Substance,Ublituximab [USAN:INN]
2020-09-21T17:22:00Z,https://chem.nlm.nih.gov/chemidplus/rn/1174014-05-1,Synonyms,"Immunoglobulin G1, anti-(human cd20 (antigen)) (human-mouse monoclonal gamma1-chain), disulfide with human-mouse monoclonal kappa-chain, dimer"
2020-09-21T17:22:00Z,https://chem.nlm.nih.gov/chemidplus/rn/1174014-05-1,Synonyms,LFB-R603
2020-09-21T17:22:00Z,https://chem.nlm.nih.gov/chemidplus/rn/1174014-05-1,Synonyms,TG-1101
2020-09-21T17:22:00Z,https://chem.nlm.nih.gov/chemidplus/rn/1174014-05-1,Synonyms,Ublituximab
2020-09-21T17:22:00Z,https://chem.nlm.nih.gov/chemidplus/rn/1174014-05-1,Synonyms,UNII-U59UGK3IPC
2020-09-21T17:25:02Z,https://chem.nlm.nih.gov/chemidplus/rn/2239273-34-6,Name of Substance,AB-928
2020-09-21T17:25:02Z,https://chem.nlm.nih.gov/chemidplus/rn/2239273-34-6,Synonyms,AB-928
2020-09-21T17:25:02Z,https://chem.nlm.nih.gov/chemidplus/rn/2239273-34-6,Synonyms,AB928
2020-09-21T17:25:02Z,https://chem.nlm.nih.gov/chemidplus/rn/2239273-34-6,Synonyms,UNII-W0ZE0NT8IF
2020-09-21T17:27:03Z,https://chem.nlm.nih.gov/chemidplus/rn/945721-28-8,Name of Substance,Daratumumab [USAN:INN]
2020-09-21T17:27:03Z,https://chem.nlm.nih.gov/chemidplus/rn/945721-28-8,Synonyms,Anti-CD38 monoclonal antibody
2020-09-21T17:27:03Z,https://chem.nlm.nih.gov/chemidplus/rn/945721-28-8,Synonyms,Daratumumab
2020-09-21T17:27:03Z,https://chem.nlm.nih.gov/chemidplus/rn/945721-28-8,Synonyms,Darzalex
2020-09-21T17:27:03Z,https://chem.nlm.nih.gov/chemidplus/rn/945721-28-8,Synonyms,HuMax-CD38
2020-09-21T17:27:03Z,https://chem.nlm.nih.gov/chemidplus/rn/945721-28-8,Synonyms,JNJ 54767414
2020-09-21T17:27:03Z,https://chem.nlm.nih.gov/chemidplus/rn/945721-28-8,Synonyms,JNJ-54767414
2020-09-21T17:27:03Z,https://chem.nlm.nih.gov/chemidplus/rn/945721-28-8,Synonyms,UNII-4Z63YK6E0E
2020-09-21T17:27:16Z,https://chem.nlm.nih.gov/chemidplus/rn/105454-04-4,Results Name,Epitaxol
2020-09-21T17:27:16Z,https://chem.nlm.nih.gov/chemidplus/rn/105454-04-4,Synonyms,7-epi-Paclitaxel
2020-09-21T17:27:16Z,https://chem.nlm.nih.gov/chemidplus/rn/105454-04-4,Synonyms,7-epi-Taxol
2020-09-21T17:27:16Z,https://chem.nlm.nih.gov/chemidplus/rn/105454-04-4,Synonyms,7-Epipaclitaxel
2020-09-21T17:27:16Z,https://chem.nlm.nih.gov/chemidplus/rn/105454-04-4,Synonyms,7-Epitaxol
2020-09-21T17:27:16Z,https://chem.nlm.nih.gov/chemidplus/rn/105454-04-4,Synonyms,Epitaxol
2020-09-21T17:27:16Z,https://chem.nlm.nih.gov/chemidplus/rn/105454-04-4,Systematic Names,"Benzenepropanoic acid, beta-(benzoylamino)-alpha-hydroxy-,     (2aR,4R,4aS,6R,9S,11S,12S,12aR,12bS)-6,12b-bis(acetyloxy)-12-(benzoyloxy)-    2a,3,4,4a,5,6,9,10,11,12,12a,12b-dodecahydro-4,11-dihydroxy-4a,8,13,13-tetramethyl-5-oxo-7,11-methano-1H-cyclodec"
2020-09-21T17:27:16Z,https://chem.nlm.nih.gov/chemidplus/rn/105454-04-4,Systematic Names,"Benzenepropanoic acid, beta-(benzoylamino)-alpha-hydroxy-, 6,12b-bis(acetyloxy)-12-(benzoyloxy)-2a,3,4,4a,5,6,9,10,11,12,12a,12b-dodecahydro-4,11-dihydroxy-4a,8,13,13-tetramethyl-5-oxo-7,11-methano-1H-cyclodeca(3,4)benz(1,2-b)oxet-9-yl ester, (2aR-     ("
2020-09-21T17:27:28Z,https://chem.nlm.nih.gov/chemidplus/rn/133524-69-3,Name of Substance,10-Deacetyl-3'-debenzoylpaclitaxel
2020-09-21T17:27:28Z,https://chem.nlm.nih.gov/chemidplus/rn/133524-69-3,Synonyms,10-Deacetyl-3'-debenzoylpaclitaxel
2020-09-21T17:27:28Z,https://chem.nlm.nih.gov/chemidplus/rn/133524-69-3,Synonyms,10-Deacetylbaccatin III 13-[BETA(S)-AMINO-ALPHA(R)-HYDROXYPHENYLPROPIONATE]
2020-09-21T17:27:28Z,https://chem.nlm.nih.gov/chemidplus/rn/133524-69-3,Synonyms,N-Deboc-docetaxel
2020-09-21T17:27:28Z,https://chem.nlm.nih.gov/chemidplus/rn/133524-69-3,Synonyms,UNII-EG6AN1S5YT
2020-09-21T17:28:35Z,https://chem.nlm.nih.gov/chemidplus/rn/1446700-26-0,Name of Substance,Rociletinib hydrobromide
2020-09-21T17:28:35Z,https://chem.nlm.nih.gov/chemidplus/rn/1446700-26-0,Synonyms,"2-Propenamide, N-(3-((2-((4-(4-acetyl-1-piperazinyl)-2-methoxyphenyl)amino)-5-(trifluoromethyl)-4-pyrimidinyl)amino)phenyl)-, hydrobromide (1:1)"
2020-09-21T17:28:35Z,https://chem.nlm.nih.gov/chemidplus/rn/1446700-26-0,Synonyms,CNX-419 hydrobromide
2020-09-21T17:28:35Z,https://chem.nlm.nih.gov/chemidplus/rn/1446700-26-0,Synonyms,CO-1686 Hydrobromide
2020-09-21T17:28:35Z,https://chem.nlm.nih.gov/chemidplus/rn/1446700-26-0,Synonyms,Rociletinib hydrobromide
2020-09-21T17:28:35Z,https://chem.nlm.nih.gov/chemidplus/rn/1446700-26-0,Synonyms,UNII-CV4XAQ7MUV
2020-09-21T17:29:31Z,https://chem.nlm.nih.gov/chemidplus/rn/1220999-07-4,Name of Substance,(Z)-Ixabepilone
2020-09-21T17:29:31Z,https://chem.nlm.nih.gov/chemidplus/rn/1220999-07-4,Synonyms,"(1S,3S,7S,10R,11S,12S,16R)-7,11-Dihydroxy-8,8,10,12,16-pentamethyl-3-((1Z)-1-methyl-2-(2-methyl-4-thiazolyl)ethenyl)-17-oxa-4-azabicyclo(14.1.0)heptadecane-5,9-dione"
2020-09-21T17:29:31Z,https://chem.nlm.nih.gov/chemidplus/rn/1220999-07-4,Synonyms,(Z)-Ixabepilone
2020-09-21T17:29:31Z,https://chem.nlm.nih.gov/chemidplus/rn/1220999-07-4,Synonyms,"17-Oxa-4-azabicyclo(14.1.0)heptadecane-5,9-dione, 7,11-dihydroxy-8,8,10,12,16-pentamethyl-3-((1Z)-1-methyl-2-(2-methyl-4-thiazolyl)ethenyl)-, (1S,3S,7S,10R,11S,12S,16R)-"
2020-09-21T17:29:31Z,https://chem.nlm.nih.gov/chemidplus/rn/1220999-07-4,Synonyms,BMS 590113
2020-09-21T17:29:31Z,https://chem.nlm.nih.gov/chemidplus/rn/1220999-07-4,Synonyms,UNII-7G06YGB3VG
2020-09-21T17:29:38Z,https://chem.nlm.nih.gov/chemidplus/rn/219989-84-1,Name of Substance,Ixabepilone
2020-09-21T17:29:38Z,https://chem.nlm.nih.gov/chemidplus/rn/219989-84-1,Name of Substance,Ixabepilone [USAN:INN:JAN]
2020-09-21T17:29:38Z,https://chem.nlm.nih.gov/chemidplus/rn/219989-84-1,Synonyms,"1S,3S,7S,10R,11S,12S,16R)-7,11-Dihydroxy-8,8,10,12,16-pentamethyl-3-((1E)-1-methyl-2-(2-methylthiazol-4-yl)ethenyl)-17-oxa-4-azabicyclo(14.1.0)heptadecane-5,9-dione"
2020-09-21T17:29:38Z,https://chem.nlm.nih.gov/chemidplus/rn/219989-84-1,Synonyms,Azaepothilone B
2020-09-21T17:29:38Z,https://chem.nlm.nih.gov/chemidplus/rn/219989-84-1,Synonyms,BMS 247550-01
2020-09-21T17:29:38Z,https://chem.nlm.nih.gov/chemidplus/rn/219989-84-1,Synonyms,BMS 247550-1
2020-09-21T17:29:38Z,https://chem.nlm.nih.gov/chemidplus/rn/219989-84-1,Synonyms,HSDB 7738
2020-09-21T17:29:38Z,https://chem.nlm.nih.gov/chemidplus/rn/219989-84-1,Synonyms,Ixabepilone
2020-09-21T17:29:38Z,https://chem.nlm.nih.gov/chemidplus/rn/219989-84-1,Synonyms,Ixempra
2020-09-21T17:29:38Z,https://chem.nlm.nih.gov/chemidplus/rn/219989-84-1,Synonyms,Ixempra kit
2020-09-21T17:29:38Z,https://chem.nlm.nih.gov/chemidplus/rn/219989-84-1,Synonyms,UNII-K27005NP0A
2020-09-21T17:29:38Z,https://chem.nlm.nih.gov/chemidplus/rn/219989-84-1,Systematic Name,"17-oxa-4-azabicyclo(14.1.0)heptadecane-5,9-dione, 7,11-dihydroxy-8,8,10,12,16-pentamethyl-3-((1E)-1-methyl-2-(2-methyl-4-thiazolyl)ethenyl)-, (1S,3S,7S,10R,11S,12S,16R)-"
2020-09-21T17:29:45Z,https://chem.nlm.nih.gov/chemidplus/rn/444197-71-1,Name of Substance,BMS-249798
2020-09-21T17:29:45Z,https://chem.nlm.nih.gov/chemidplus/rn/444197-71-1,Synonyms,"(1R,2R,6S,7S,8R,11S,15S)-2,7,11-Trihydroxy-2,6,8,10,10-pentamethyl-15-((1E)-1-methyl-2-(2-methyl-4-thiazolyl)ethenyl)-17-oxa-14-azabicyclo(11.3.1)heptadec-13-en-9-one"
2020-09-21T17:29:45Z,https://chem.nlm.nih.gov/chemidplus/rn/444197-71-1,Synonyms,"17-Oxa-14-azabicyclo(11.3.1)heptadec-13-en-9-one, 2,7,11-trihydroxy-2,6,8,10,10-pentamethyl-15-((1E)-1-methyl-2-(2-methyl-4-thiazolyl)ethenyl)-, (1R,2R,6S,7S,8R,11S,15S)-"
2020-09-21T17:29:45Z,https://chem.nlm.nih.gov/chemidplus/rn/444197-71-1,Synonyms,BMS 249798
2020-09-21T17:29:45Z,https://chem.nlm.nih.gov/chemidplus/rn/444197-71-1,Synonyms,BMS-249798
2020-09-21T17:29:45Z,https://chem.nlm.nih.gov/chemidplus/rn/444197-71-1,Synonyms,Ixabepilone oxazine analog
2020-09-21T17:29:45Z,https://chem.nlm.nih.gov/chemidplus/rn/444197-71-1,Synonyms,UNII-NAK7N0HCZ3
2020-09-21T17:29:59Z,https://chem.nlm.nih.gov/chemidplus/rn/3269-74-7,Name of Substance,"2,6-Dimethyloctane-1,8-dioic acid"
2020-09-21T17:29:59Z,https://chem.nlm.nih.gov/chemidplus/rn/3269-74-7,Synonyms,"2,6-Dimethyloctane-1,8-dioic acid"
2020-09-21T17:29:59Z,https://chem.nlm.nih.gov/chemidplus/rn/3269-74-7,Synonyms,"2,6-Dmoa"
2020-09-21T17:29:59Z,https://chem.nlm.nih.gov/chemidplus/rn/3269-74-7,Synonyms,BMS 197564
2020-09-21T17:29:59Z,https://chem.nlm.nih.gov/chemidplus/rn/3269-74-7,Systematic Name,"Octanedioic acid, 2,6-dimethyl-"
2020-09-21T17:31:33Z,https://chem.nlm.nih.gov/chemidplus/rn/1346242-81-6,Results Name,Erdafitinib [USAN:INN]
2020-09-21T17:31:33Z,https://chem.nlm.nih.gov/chemidplus/rn/1346242-81-6,Name of Substance,Erdafitinib
2020-09-21T17:31:33Z,https://chem.nlm.nih.gov/chemidplus/rn/1346242-81-6,Name of Substance,Erdafitinib [USAN:INN]
2020-09-21T17:31:33Z,https://chem.nlm.nih.gov/chemidplus/rn/1346242-81-6,Synonyms,"1,2-Ethanediamine, N1-(3,5-dimethoxyphenyl)-N2-(1-methylethyl)-N1-(3-(1-methyl-1H-pyrazol-4-yl)-6-quinoxalinyl)-"
2020-09-21T17:31:33Z,https://chem.nlm.nih.gov/chemidplus/rn/1346242-81-6,Synonyms,Erdafitinib
2020-09-21T17:31:33Z,https://chem.nlm.nih.gov/chemidplus/rn/1346242-81-6,Synonyms,JNJ-42756493
2020-09-21T17:31:33Z,https://chem.nlm.nih.gov/chemidplus/rn/1346242-81-6,Synonyms,UNII-890E37NHMV
