rn_datetime,rn_url,concept_registry_number_type,concept_registry_number
2020-09-21T15:15:56Z,https://chem.nlm.nih.gov/chemidplus/rn/2152628-33-4,CAS Registry Number,2152628-33-4
2020-09-21T15:15:56Z,https://chem.nlm.nih.gov/chemidplus/rn/2152628-33-4,FDA UNII,CEGM9YBNGD
2020-09-21T15:15:56Z,https://chem.nlm.nih.gov/chemidplus/rn/2152628-33-4,System Generated Number,2152628334
2020-09-21T16:30:47Z,https://chem.nlm.nih.gov/chemidplus/rn/56-65-5,CAS Registry Number,56-65-5
2020-09-21T16:30:47Z,https://chem.nlm.nih.gov/chemidplus/rn/56-65-5,FDA UNII,8L70Q75FXE
2020-09-21T16:30:47Z,https://chem.nlm.nih.gov/chemidplus/rn/56-65-5,Other Registry Numbers,10168-83-9
2020-09-21T16:30:47Z,https://chem.nlm.nih.gov/chemidplus/rn/56-65-5,Other Registry Numbers,1259312-93-0
2020-09-21T16:30:47Z,https://chem.nlm.nih.gov/chemidplus/rn/56-65-5,Other Registry Numbers,16488-07-6
2020-09-21T16:30:47Z,https://chem.nlm.nih.gov/chemidplus/rn/56-65-5,Other Registry Numbers,51569-41-6
2020-09-21T16:30:47Z,https://chem.nlm.nih.gov/chemidplus/rn/56-65-5,Other Registry Numbers,71800-44-7
2020-09-21T16:30:47Z,https://chem.nlm.nih.gov/chemidplus/rn/56-65-5,Other Registry Numbers,84412-18-0
2020-09-21T16:30:47Z,https://chem.nlm.nih.gov/chemidplus/rn/56-65-5,Other Registry Numbers,896506-78-8
2020-09-21T16:30:47Z,https://chem.nlm.nih.gov/chemidplus/rn/56-65-5,Other Registry Numbers,917074-14-7
2020-09-21T16:30:47Z,https://chem.nlm.nih.gov/chemidplus/rn/56-65-5,System Generated Number,0000056655
2020-09-21T16:31:46Z,https://chem.nlm.nih.gov/chemidplus/rn/137605-02-8,CAS Registry Number,137605-02-8
2020-09-21T16:31:46Z,https://chem.nlm.nih.gov/chemidplus/rn/137605-02-8,System Generated Number,0137605028
2020-09-21T16:31:53Z,https://chem.nlm.nih.gov/chemidplus/rn/93908-02-2,CAS Registry Number,93908-02-2
2020-09-21T16:31:53Z,https://chem.nlm.nih.gov/chemidplus/rn/93908-02-2,FDA UNII,Y96MQM21V9
2020-09-21T16:31:53Z,https://chem.nlm.nih.gov/chemidplus/rn/93908-02-2,System Generated Number,0093908022
2020-09-21T16:32:04Z,https://chem.nlm.nih.gov/chemidplus/rn/112887-68-0,CAS Registry Number,112887-68-0
2020-09-21T16:32:04Z,https://chem.nlm.nih.gov/chemidplus/rn/112887-68-0,FDA UNII,FCB9EGG971
2020-09-21T16:32:04Z,https://chem.nlm.nih.gov/chemidplus/rn/112887-68-0,System Generated Number,0112887680
2020-09-21T16:33:36Z,https://chem.nlm.nih.gov/chemidplus/rn/4299-28-9,CAS Registry Number,4299-28-9
2020-09-21T16:33:36Z,https://chem.nlm.nih.gov/chemidplus/rn/4299-28-9,System Generated Number,0004299289
2020-09-21T16:33:43Z,https://chem.nlm.nih.gov/chemidplus/rn/528-74-5,CAS Registry Number,528-74-5
2020-09-21T16:33:43Z,https://chem.nlm.nih.gov/chemidplus/rn/528-74-5,FDA UNII,29NS58S465
2020-09-21T16:33:43Z,https://chem.nlm.nih.gov/chemidplus/rn/528-74-5,Other Registry Number,88442-77-7
2020-09-21T16:33:43Z,https://chem.nlm.nih.gov/chemidplus/rn/528-74-5,System Generated Number,0000528745
2020-09-21T16:33:50Z,https://chem.nlm.nih.gov/chemidplus/rn/5472-96-8,CAS Registry Number,5472-96-8
2020-09-21T16:33:50Z,https://chem.nlm.nih.gov/chemidplus/rn/5472-96-8,System Generated Number,0005472968
2020-09-21T16:33:57Z,https://chem.nlm.nih.gov/chemidplus/rn/751-75-7,CAS Registry Number,751-75-7
2020-09-21T16:33:57Z,https://chem.nlm.nih.gov/chemidplus/rn/751-75-7,System Generated Number,0000751757
2020-09-21T16:34:12Z,https://chem.nlm.nih.gov/chemidplus/rn/918504-65-1,CAS Registry Number,918504-65-1
2020-09-21T16:34:12Z,https://chem.nlm.nih.gov/chemidplus/rn/918504-65-1,FDA UNII,207SMY3FQT
2020-09-21T16:34:12Z,https://chem.nlm.nih.gov/chemidplus/rn/918504-65-1,Other Registry Number,1029872-54-5
2020-09-21T16:34:12Z,https://chem.nlm.nih.gov/chemidplus/rn/918504-65-1,System Generated Number,0918504651
2020-09-21T16:34:41Z,https://chem.nlm.nih.gov/chemidplus/rn/572924-54-0,CAS Registry Number,572924-54-0
2020-09-21T16:34:41Z,https://chem.nlm.nih.gov/chemidplus/rn/572924-54-0,FDA UNII,48Z35KB15K
2020-09-21T16:34:41Z,https://chem.nlm.nih.gov/chemidplus/rn/572924-54-0,Other Registry Number,697252-87-2
2020-09-21T16:34:41Z,https://chem.nlm.nih.gov/chemidplus/rn/572924-54-0,System Generated Number,0572924540
2020-09-21T16:35:01Z,https://chem.nlm.nih.gov/chemidplus/rn/2266582-92-5,CAS Registry Number,2266582-92-5
2020-09-21T16:35:01Z,https://chem.nlm.nih.gov/chemidplus/rn/2266582-92-5,FDA UNII,RUW7BT5OAV
2020-09-21T16:35:01Z,https://chem.nlm.nih.gov/chemidplus/rn/2266582-92-5,System Generated Number,2266582925
2020-09-21T16:35:08Z,https://chem.nlm.nih.gov/chemidplus/rn/2266582-96-9,CAS Registry Number,2266582-96-9
2020-09-21T16:35:08Z,https://chem.nlm.nih.gov/chemidplus/rn/2266582-96-9,FDA UNII,8A7Y6RUE2U
2020-09-21T16:35:08Z,https://chem.nlm.nih.gov/chemidplus/rn/2266582-96-9,System Generated Number,2266582969
2020-09-21T16:35:15Z,https://chem.nlm.nih.gov/chemidplus/rn/5291-32-7,CAS Registry Number,5291-32-7
2020-09-21T16:35:15Z,https://chem.nlm.nih.gov/chemidplus/rn/5291-32-7,FDA UNII,Z41TGB4080
2020-09-21T16:35:15Z,https://chem.nlm.nih.gov/chemidplus/rn/5291-32-7,System Generated Number,0005291327
2020-09-21T16:38:18Z,https://chem.nlm.nih.gov/chemidplus/rn/2348469-84-9,CAS Registry Number,2348469-84-9
2020-09-21T16:38:18Z,https://chem.nlm.nih.gov/chemidplus/rn/2348469-84-9,FDA UNII,XQ7509L801
2020-09-21T16:38:18Z,https://chem.nlm.nih.gov/chemidplus/rn/2348469-84-9,System Generated Number,2348469849
2020-09-21T16:38:25Z,https://chem.nlm.nih.gov/chemidplus/rn/63715-96-8,CAS Registry Number,63715-96-8
2020-09-21T16:38:25Z,https://chem.nlm.nih.gov/chemidplus/rn/63715-96-8,System Generated Number,0063715968
2020-09-21T16:38:32Z,https://chem.nlm.nih.gov/chemidplus/rn/63744-50-3,CAS Registry Number,63744-50-3
2020-09-21T16:38:32Z,https://chem.nlm.nih.gov/chemidplus/rn/63744-50-3,System Generated Number,0063744503
2020-09-21T16:38:39Z,https://chem.nlm.nih.gov/chemidplus/rn/63991-86-6,CAS Registry Number,63991-86-6
2020-09-21T16:38:39Z,https://chem.nlm.nih.gov/chemidplus/rn/63991-86-6,System Generated Number,0063991866
2020-09-21T16:38:46Z,https://chem.nlm.nih.gov/chemidplus/rn/7250-71-7,CAS Registry Number,7250-71-7
2020-09-21T16:38:46Z,https://chem.nlm.nih.gov/chemidplus/rn/7250-71-7,System Generated Number,0007250717
2020-09-21T16:39:59Z,https://chem.nlm.nih.gov/chemidplus/rn/906805-06-9,CAS Registry Number,906805-06-9
2020-09-21T16:39:59Z,https://chem.nlm.nih.gov/chemidplus/rn/906805-06-9,FDA UNII,2BT4C47RUI
2020-09-21T16:39:59Z,https://chem.nlm.nih.gov/chemidplus/rn/906805-06-9,System Generated Number,0906805069
2020-09-21T16:44:36Z,https://chem.nlm.nih.gov/chemidplus/rn/1417318-27-4,CAS Registry Number,1417318-27-4
2020-09-21T16:44:36Z,https://chem.nlm.nih.gov/chemidplus/rn/1417318-27-4,FDA UNII,6YY8O697VF
2020-09-21T16:44:36Z,https://chem.nlm.nih.gov/chemidplus/rn/1417318-27-4,System Generated Number,1417318274
2020-09-21T16:44:59Z,https://chem.nlm.nih.gov/chemidplus/rn/192185-72-1,CAS Registry Number,192185-72-1
2020-09-21T16:44:59Z,https://chem.nlm.nih.gov/chemidplus/rn/192185-72-1,FDA UNII,MAT637500A
2020-09-21T16:44:59Z,https://chem.nlm.nih.gov/chemidplus/rn/192185-72-1,System Generated Number,0192185721
2020-09-21T16:45:35Z,https://chem.nlm.nih.gov/chemidplus/rn/85622-93-1,CAS Registry Number,85622-93-1
2020-09-21T16:45:35Z,https://chem.nlm.nih.gov/chemidplus/rn/85622-93-1,FDA UNII,YF1K15M17Y
2020-09-21T16:45:35Z,https://chem.nlm.nih.gov/chemidplus/rn/85622-93-1,System Generated Number,0085622931
2020-09-21T16:47:58Z,https://chem.nlm.nih.gov/chemidplus/rn/1038915-64-8,CAS Registry Number,1038915-64-8
2020-09-21T16:47:58Z,https://chem.nlm.nih.gov/chemidplus/rn/1038915-64-8,FDA UNII,L4JFC1PHCI
2020-09-21T16:47:58Z,https://chem.nlm.nih.gov/chemidplus/rn/1038915-64-8,System Generated Number,1038915648
2020-09-21T16:48:05Z,https://chem.nlm.nih.gov/chemidplus/rn/1038915-73-9,CAS Registry Number,1038915-73-9
2020-09-21T16:48:05Z,https://chem.nlm.nih.gov/chemidplus/rn/1038915-73-9,FDA UNII,75KE12AY9U
2020-09-21T16:48:05Z,https://chem.nlm.nih.gov/chemidplus/rn/1038915-73-9,System Generated Number,1038915739
2020-09-21T16:48:12Z,https://chem.nlm.nih.gov/chemidplus/rn/1613220-15-7,CAS Registry Number,1613220-15-7
2020-09-21T16:48:12Z,https://chem.nlm.nih.gov/chemidplus/rn/1613220-15-7,FDA UNII,195Q483UZD
2020-09-21T16:48:12Z,https://chem.nlm.nih.gov/chemidplus/rn/1613220-15-7,System Generated Number,1613220157
2020-09-21T16:48:48Z,https://chem.nlm.nih.gov/chemidplus/rn/1453084-37-1,CAS Registry Number,1453084-37-1
2020-09-21T16:48:48Z,https://chem.nlm.nih.gov/chemidplus/rn/1453084-37-1,FDA UNII,98DE7VN88D
2020-09-21T16:48:48Z,https://chem.nlm.nih.gov/chemidplus/rn/1453084-37-1,Other Registry Number,1401992-35-5
2020-09-21T16:48:48Z,https://chem.nlm.nih.gov/chemidplus/rn/1453084-37-1,System Generated Number,1453084371
2020-09-21T16:49:12Z,https://chem.nlm.nih.gov/chemidplus/rn/407577-53-1,CAS Registry Number,407577-53-1
2020-09-21T16:49:12Z,https://chem.nlm.nih.gov/chemidplus/rn/407577-53-1,FDA UNII,L8HA5DT6RS
2020-09-21T16:49:12Z,https://chem.nlm.nih.gov/chemidplus/rn/407577-53-1,System Generated Number,0407577531
2020-09-21T16:49:19Z,https://chem.nlm.nih.gov/chemidplus/rn/98008-06-1,CAS Registry Number,98008-06-1
2020-09-21T16:49:19Z,https://chem.nlm.nih.gov/chemidplus/rn/98008-06-1,FDA UNII,55928538EN
2020-09-21T16:49:19Z,https://chem.nlm.nih.gov/chemidplus/rn/98008-06-1,System Generated Number,0098008061
2020-09-21T16:49:32Z,https://chem.nlm.nih.gov/chemidplus/rn/113942-30-6,CAS Registry Number,113942-30-6
2020-09-21T16:49:32Z,https://chem.nlm.nih.gov/chemidplus/rn/113942-30-6,FDA UNII,M35A7FW55W
2020-09-21T16:49:32Z,https://chem.nlm.nih.gov/chemidplus/rn/113942-30-6,System Generated Number,0113942306
2020-09-21T16:49:40Z,https://chem.nlm.nih.gov/chemidplus/rn/114601-31-9,CAS Registry Number,114601-31-9
2020-09-21T16:49:40Z,https://chem.nlm.nih.gov/chemidplus/rn/114601-31-9,FDA UNII,7H0G4H1HOV
2020-09-21T16:49:40Z,https://chem.nlm.nih.gov/chemidplus/rn/114601-31-9,System Generated Number,0114601319
2020-09-21T16:49:47Z,https://chem.nlm.nih.gov/chemidplus/rn/1361198-79-9,CAS Registry Number,1361198-79-9
2020-09-21T16:49:47Z,https://chem.nlm.nih.gov/chemidplus/rn/1361198-79-9,FDA UNII,237TB781D9
2020-09-21T16:49:47Z,https://chem.nlm.nih.gov/chemidplus/rn/1361198-79-9,System Generated Number,1361198799
2020-09-21T16:50:34Z,https://chem.nlm.nih.gov/chemidplus/rn/284461-74-1,CAS Registry Number,284461-74-1
2020-09-21T16:50:34Z,https://chem.nlm.nih.gov/chemidplus/rn/284461-74-1,FDA UNII,N4T1W2J64C
2020-09-21T16:50:34Z,https://chem.nlm.nih.gov/chemidplus/rn/284461-74-1,System Generated Number,0284461741
2020-09-21T16:50:42Z,https://chem.nlm.nih.gov/chemidplus/rn/583840-03-3,CAS Registry Number,583840-03-3
2020-09-21T16:50:42Z,https://chem.nlm.nih.gov/chemidplus/rn/583840-03-3,FDA UNII,5XYK65KIGD
2020-09-21T16:50:42Z,https://chem.nlm.nih.gov/chemidplus/rn/583840-03-3,System Generated Number,0583840033
2020-09-21T16:50:49Z,https://chem.nlm.nih.gov/chemidplus/rn/583840-04-4,CAS Registry Number,583840-04-4
2020-09-21T16:50:49Z,https://chem.nlm.nih.gov/chemidplus/rn/583840-04-4,FDA UNII,H2FQP001BP
2020-09-21T16:50:49Z,https://chem.nlm.nih.gov/chemidplus/rn/583840-04-4,System Generated Number,0583840044
2020-09-21T16:51:57Z,https://chem.nlm.nih.gov/chemidplus/rn/1703793-34-3,CAS Registry Number,1703793-34-3
2020-09-21T16:51:57Z,https://chem.nlm.nih.gov/chemidplus/rn/1703793-34-3,FDA UNII,513P80B4YJ
2020-09-21T16:51:57Z,https://chem.nlm.nih.gov/chemidplus/rn/1703793-34-3,System Generated Number,1703793343
2020-09-21T16:53:33Z,https://chem.nlm.nih.gov/chemidplus/rn/136894-56-9,CAS Registry Number,136894-56-9
2020-09-21T16:53:33Z,https://chem.nlm.nih.gov/chemidplus/rn/136894-56-9,System Generated Number,0136894569
2020-09-21T16:53:42Z,https://chem.nlm.nih.gov/chemidplus/rn/342-69-8,CAS Registry Number,342-69-8
2020-09-21T16:53:42Z,https://chem.nlm.nih.gov/chemidplus/rn/342-69-8,FDA UNII,Y5G39SHR0V
2020-09-21T16:53:42Z,https://chem.nlm.nih.gov/chemidplus/rn/342-69-8,System Generated Number,0000342698
2020-09-21T16:53:49Z,https://chem.nlm.nih.gov/chemidplus/rn/9004-67-5,CAS Registry Number,9004-67-5
2020-09-21T16:53:49Z,https://chem.nlm.nih.gov/chemidplus/rn/9004-67-5,FDA UNIIs,4GFU244C4J
2020-09-21T16:53:49Z,https://chem.nlm.nih.gov/chemidplus/rn/9004-67-5,FDA UNIIs,BI55GG2WLI
2020-09-21T16:53:49Z,https://chem.nlm.nih.gov/chemidplus/rn/9004-67-5,FDA UNIIs,MRJ667KA5E
2020-09-21T16:53:49Z,https://chem.nlm.nih.gov/chemidplus/rn/9004-67-5,FDA UNIIs,NPU9M2E6L8
2020-09-21T16:53:49Z,https://chem.nlm.nih.gov/chemidplus/rn/9004-67-5,FDA UNIIs,O0GN6F9B2Y
2020-09-21T16:53:49Z,https://chem.nlm.nih.gov/chemidplus/rn/9004-67-5,FDA UNIIs,P0NTE48364
2020-09-21T16:53:49Z,https://chem.nlm.nih.gov/chemidplus/rn/9004-67-5,FDA UNIIs,Z944H5SN0H
2020-09-21T16:53:49Z,https://chem.nlm.nih.gov/chemidplus/rn/9004-67-5,Other Registry Numbers,2098627-58-6
2020-09-21T16:53:49Z,https://chem.nlm.nih.gov/chemidplus/rn/9004-67-5,Other Registry Numbers,39384-65-1
2020-09-21T16:53:49Z,https://chem.nlm.nih.gov/chemidplus/rn/9004-67-5,Other Registry Numbers,53568-34-6
2020-09-21T16:53:49Z,https://chem.nlm.nih.gov/chemidplus/rn/9004-67-5,Other Registry Numbers,71812-19-6
2020-09-21T16:53:49Z,https://chem.nlm.nih.gov/chemidplus/rn/9004-67-5,Other Registry Numbers,730985-58-7
2020-09-21T16:53:49Z,https://chem.nlm.nih.gov/chemidplus/rn/9004-67-5,Other Registry Numbers,88402-84-0
2020-09-21T16:53:49Z,https://chem.nlm.nih.gov/chemidplus/rn/9004-67-5,Other Registry Numbers,99638-59-2
2020-09-21T16:53:49Z,https://chem.nlm.nih.gov/chemidplus/rn/9004-67-5,System Generated Number,0009004675
2020-09-21T16:54:01Z,https://chem.nlm.nih.gov/chemidplus/rn/1421373-65-0,CAS Registry Number,1421373-65-0
2020-09-21T16:54:01Z,https://chem.nlm.nih.gov/chemidplus/rn/1421373-65-0,FDA UNII,3C06JJ0Z2O
2020-09-21T16:54:01Z,https://chem.nlm.nih.gov/chemidplus/rn/1421373-65-0,Other Registry Number,1610419-47-0
2020-09-21T16:54:01Z,https://chem.nlm.nih.gov/chemidplus/rn/1421373-65-0,System Generated Number,1421373650
2020-09-21T16:54:08Z,https://chem.nlm.nih.gov/chemidplus/rn/1421373-66-1,CAS Registry Number,1421373-66-1
2020-09-21T16:54:08Z,https://chem.nlm.nih.gov/chemidplus/rn/1421373-66-1,FDA UNII,RDL94R2A16
2020-09-21T16:54:08Z,https://chem.nlm.nih.gov/chemidplus/rn/1421373-66-1,System Generated Number,1421373661
2020-09-21T16:54:15Z,https://chem.nlm.nih.gov/chemidplus/rn/1421373-98-9,CAS Registry Number,1421373-98-9
2020-09-21T16:54:15Z,https://chem.nlm.nih.gov/chemidplus/rn/1421373-98-9,FDA UNII,2DWZ6SE1E1
2020-09-21T16:54:15Z,https://chem.nlm.nih.gov/chemidplus/rn/1421373-98-9,System Generated Number,1421373989
2020-09-21T16:54:23Z,https://chem.nlm.nih.gov/chemidplus/rn/1421373-99-0,CAS Registry Number,1421373-99-0
2020-09-21T16:54:23Z,https://chem.nlm.nih.gov/chemidplus/rn/1421373-99-0,FDA UNII,NI2ZUZ6F4O
2020-09-21T16:54:23Z,https://chem.nlm.nih.gov/chemidplus/rn/1421373-99-0,System Generated Number,1421373990
2020-09-21T16:58:19Z,https://chem.nlm.nih.gov/chemidplus/rn/742092-03-1,CAS Registry Number,742092-03-1
2020-09-21T16:58:19Z,https://chem.nlm.nih.gov/chemidplus/rn/742092-03-1,FDA UNII,36O410ZD4I
2020-09-21T16:58:19Z,https://chem.nlm.nih.gov/chemidplus/rn/742092-03-1,Other Registry Numbers,913082-11-8
2020-09-21T16:58:19Z,https://chem.nlm.nih.gov/chemidplus/rn/742092-03-1,Other Registry Numbers,926623-17-8
2020-09-21T16:58:19Z,https://chem.nlm.nih.gov/chemidplus/rn/742092-03-1,System Generated Number,0742092031
2020-09-21T16:58:31Z,https://chem.nlm.nih.gov/chemidplus/rn/1380575-43-8,CAS Registry Number,1380575-43-8
2020-09-21T16:58:31Z,https://chem.nlm.nih.gov/chemidplus/rn/1380575-43-8,FDA UNII,08381UU98P
2020-09-21T16:58:31Z,https://chem.nlm.nih.gov/chemidplus/rn/1380575-43-8,System Generated Number,1380575438
2020-09-21T16:59:17Z,https://chem.nlm.nih.gov/chemidplus/rn/1956366-10-1,CAS Registry Number,1956366-10-1
2020-09-21T16:59:17Z,https://chem.nlm.nih.gov/chemidplus/rn/1956366-10-1,FDA UNII,3K792HRQ8B
2020-09-21T16:59:17Z,https://chem.nlm.nih.gov/chemidplus/rn/1956366-10-1,System Generated Number,1956366101
2020-09-21T17:00:24Z,https://chem.nlm.nih.gov/chemidplus/rn/9041-22-9,CAS Registry Number,9041-22-9
2020-09-21T17:00:24Z,https://chem.nlm.nih.gov/chemidplus/rn/9041-22-9,System Generated Number,0009041229
2020-09-21T17:01:56Z,https://chem.nlm.nih.gov/chemidplus/rn/1217486-61-7,CAS Registry Number,1217486-61-7
2020-09-21T17:01:56Z,https://chem.nlm.nih.gov/chemidplus/rn/1217486-61-7,FDA UNII,08W5N2C97Q
2020-09-21T17:01:56Z,https://chem.nlm.nih.gov/chemidplus/rn/1217486-61-7,Other Registry Number,1361185-44-5
2020-09-21T17:01:56Z,https://chem.nlm.nih.gov/chemidplus/rn/1217486-61-7,System Generated Number,1217486617
2020-09-21T17:02:26Z,https://chem.nlm.nih.gov/chemidplus/rn/2126132-98-5,CAS Registry Number,2126132-98-5
2020-09-21T17:02:26Z,https://chem.nlm.nih.gov/chemidplus/rn/2126132-98-5,FDA UNII,OX5LRQ5H6K
2020-09-21T17:02:26Z,https://chem.nlm.nih.gov/chemidplus/rn/2126132-98-5,System Generated Number,2126132985
2020-09-21T17:04:32Z,https://chem.nlm.nih.gov/chemidplus/rn/404844-02-6,CAS Registry Number,404844-02-6
2020-09-21T17:04:32Z,https://chem.nlm.nih.gov/chemidplus/rn/404844-02-6,FDA UNII,6GOH0N63QD
2020-09-21T17:04:32Z,https://chem.nlm.nih.gov/chemidplus/rn/404844-02-6,System Generated Number,0404844026
2020-09-21T17:10:04Z,https://chem.nlm.nih.gov/chemidplus/rn/1513857-77-6,CAS Registry Number,1513857-77-6
2020-09-21T17:10:04Z,https://chem.nlm.nih.gov/chemidplus/rn/1513857-77-6,FDA UNII,Y6BX7BL23K
2020-09-21T17:10:04Z,https://chem.nlm.nih.gov/chemidplus/rn/1513857-77-6,System Generated Number,1513857776
2020-09-21T17:11:16Z,https://chem.nlm.nih.gov/chemidplus/rn/115575-11-6,CAS Registry Number,115575-11-6
2020-09-21T17:11:16Z,https://chem.nlm.nih.gov/chemidplus/rn/115575-11-6,FDA UNII,K0Q29TGV9Y
2020-09-21T17:11:16Z,https://chem.nlm.nih.gov/chemidplus/rn/115575-11-6,Related Registry Numbers,145858-50-0 (mono-hydrochloride)
2020-09-21T17:11:16Z,https://chem.nlm.nih.gov/chemidplus/rn/115575-11-6,Related Registry Numbers,145858-52-2 (fumarate)
2020-09-21T17:11:16Z,https://chem.nlm.nih.gov/chemidplus/rn/115575-11-6,System Generated Number,0115575116
2020-09-21T17:11:23Z,https://chem.nlm.nih.gov/chemidplus/rn/145858-50-0,CAS Registry Number,145858-50-0
2020-09-21T17:11:23Z,https://chem.nlm.nih.gov/chemidplus/rn/145858-50-0,FDA UNII,29T7S2IB97
2020-09-21T17:11:23Z,https://chem.nlm.nih.gov/chemidplus/rn/145858-50-0,Related Registry Number,115575-11-6 (Parent)
2020-09-21T17:11:23Z,https://chem.nlm.nih.gov/chemidplus/rn/145858-50-0,System Generated Number,0145858500
2020-09-21T17:11:30Z,https://chem.nlm.nih.gov/chemidplus/rn/145858-52-2,CAS Registry Number,145858-52-2
2020-09-21T17:11:30Z,https://chem.nlm.nih.gov/chemidplus/rn/145858-52-2,FDA UNII,91W7VLK7J3
2020-09-21T17:11:30Z,https://chem.nlm.nih.gov/chemidplus/rn/145858-52-2,Related Registry Number,115575-11-6 (Parent)
2020-09-21T17:11:30Z,https://chem.nlm.nih.gov/chemidplus/rn/145858-52-2,System Generated Number,0145858522
2020-09-21T17:11:36Z,https://chem.nlm.nih.gov/chemidplus/rn/171849-18-6,CAS Registry Number,171849-18-6
2020-09-21T17:11:36Z,https://chem.nlm.nih.gov/chemidplus/rn/171849-18-6,FDA UNII,17NYD2210B
2020-09-21T17:11:36Z,https://chem.nlm.nih.gov/chemidplus/rn/171849-18-6,System Generated Number,0171849186
2020-09-21T17:11:44Z,https://chem.nlm.nih.gov/chemidplus/rn/172282-43-8,CAS Registry Number,172282-43-8
2020-09-21T17:11:44Z,https://chem.nlm.nih.gov/chemidplus/rn/172282-43-8,FDA UNII,090Y06W08H
2020-09-21T17:11:44Z,https://chem.nlm.nih.gov/chemidplus/rn/172282-43-8,System Generated Number,0172282438
2020-09-21T17:12:31Z,https://chem.nlm.nih.gov/chemidplus/rn/1446502-11-9,CAS Registry Number,1446502-11-9
2020-09-21T17:12:31Z,https://chem.nlm.nih.gov/chemidplus/rn/1446502-11-9,FDA UNII,3T1SS4E7AG
2020-09-21T17:12:31Z,https://chem.nlm.nih.gov/chemidplus/rn/1446502-11-9,System Generated Number,1446502119
2020-09-21T17:13:21Z,https://chem.nlm.nih.gov/chemidplus/rn/2060571-02-8,CAS Registry Number,2060571-02-8
2020-09-21T17:13:21Z,https://chem.nlm.nih.gov/chemidplus/rn/2060571-02-8,FDA UNII,L4C1UY2NYH
2020-09-21T17:13:21Z,https://chem.nlm.nih.gov/chemidplus/rn/2060571-02-8,System Generated Number,2060571028
2020-09-21T17:14:07Z,https://chem.nlm.nih.gov/chemidplus/rn/1256580-46-7,CAS Registry Number,1256580-46-7
2020-09-21T17:14:07Z,https://chem.nlm.nih.gov/chemidplus/rn/1256580-46-7,FDA UNII,LIJ4CT1Z3Y
2020-09-21T17:14:07Z,https://chem.nlm.nih.gov/chemidplus/rn/1256580-46-7,Other Registry Number,1416163-60-4
2020-09-21T17:14:07Z,https://chem.nlm.nih.gov/chemidplus/rn/1256580-46-7,System Generated Number,1256580467
2020-09-21T17:16:23Z,https://chem.nlm.nih.gov/chemidplus/rn/130167-69-0,CAS Registry Number,130167-69-0
2020-09-21T17:16:23Z,https://chem.nlm.nih.gov/chemidplus/rn/130167-69-0,FDA UNII,7D96IR0PPM
2020-09-21T17:16:23Z,https://chem.nlm.nih.gov/chemidplus/rn/130167-69-0,System Generated Number,0130167690
2020-09-21T17:18:04Z,https://chem.nlm.nih.gov/chemidplus/rn/1864871-20-4,CAS Registry Number,1864871-20-4
2020-09-21T17:18:04Z,https://chem.nlm.nih.gov/chemidplus/rn/1864871-20-4,FDA UNII,RR5U4UFJ8L
2020-09-21T17:18:04Z,https://chem.nlm.nih.gov/chemidplus/rn/1864871-20-4,System Generated Number,1864871204
2020-09-21T17:18:29Z,https://chem.nlm.nih.gov/chemidplus/rn/1252927-47-1,CAS Registry Number,1252927-47-1
2020-09-21T17:18:29Z,https://chem.nlm.nih.gov/chemidplus/rn/1252927-47-1,FDA UNII,Z51V93OIDV
2020-09-21T17:18:29Z,https://chem.nlm.nih.gov/chemidplus/rn/1252927-47-1,System Generated Number,1252927471
2020-09-21T17:18:35Z,https://chem.nlm.nih.gov/chemidplus/rn/1414375-49-7,CAS Registry Number,1414375-49-7
2020-09-21T17:18:35Z,https://chem.nlm.nih.gov/chemidplus/rn/1414375-49-7,FDA UNII,SX3LHF7K66
2020-09-21T17:18:35Z,https://chem.nlm.nih.gov/chemidplus/rn/1414375-49-7,System Generated Number,1414375497
2020-09-21T17:22:01Z,https://chem.nlm.nih.gov/chemidplus/rn/1174014-05-1,CAS Registry Number,1174014-05-1
2020-09-21T17:22:01Z,https://chem.nlm.nih.gov/chemidplus/rn/1174014-05-1,FDA UNII,U59UGK3IPC
2020-09-21T17:22:01Z,https://chem.nlm.nih.gov/chemidplus/rn/1174014-05-1,System Generated Number,1174014051
2020-09-21T17:25:02Z,https://chem.nlm.nih.gov/chemidplus/rn/2239273-34-6,CAS Registry Number,2239273-34-6
2020-09-21T17:25:02Z,https://chem.nlm.nih.gov/chemidplus/rn/2239273-34-6,FDA UNII,W0ZE0NT8IF
2020-09-21T17:25:02Z,https://chem.nlm.nih.gov/chemidplus/rn/2239273-34-6,System Generated Number,2239273346
2020-09-21T17:27:04Z,https://chem.nlm.nih.gov/chemidplus/rn/945721-28-8,CAS Registry Number,945721-28-8
2020-09-21T17:27:04Z,https://chem.nlm.nih.gov/chemidplus/rn/945721-28-8,FDA UNII,4Z63YK6E0E
2020-09-21T17:27:04Z,https://chem.nlm.nih.gov/chemidplus/rn/945721-28-8,System Generated Number,0945721288
2020-09-21T17:27:16Z,https://chem.nlm.nih.gov/chemidplus/rn/105454-04-4,CAS Registry Number,105454-04-4
2020-09-21T17:27:16Z,https://chem.nlm.nih.gov/chemidplus/rn/105454-04-4,System Generated Number,0105454044
2020-09-21T17:27:29Z,https://chem.nlm.nih.gov/chemidplus/rn/133524-69-3,CAS Registry Number,133524-69-3
2020-09-21T17:27:29Z,https://chem.nlm.nih.gov/chemidplus/rn/133524-69-3,FDA UNII,EG6AN1S5YT
2020-09-21T17:27:29Z,https://chem.nlm.nih.gov/chemidplus/rn/133524-69-3,System Generated Number,0133524693
2020-09-21T17:28:36Z,https://chem.nlm.nih.gov/chemidplus/rn/1446700-26-0,CAS Registry Number,1446700-26-0
2020-09-21T17:28:36Z,https://chem.nlm.nih.gov/chemidplus/rn/1446700-26-0,FDA UNII,CV4XAQ7MUV
2020-09-21T17:28:36Z,https://chem.nlm.nih.gov/chemidplus/rn/1446700-26-0,System Generated Number,1446700260
2020-09-21T17:29:32Z,https://chem.nlm.nih.gov/chemidplus/rn/1220999-07-4,CAS Registry Number,1220999-07-4
2020-09-21T17:29:32Z,https://chem.nlm.nih.gov/chemidplus/rn/1220999-07-4,FDA UNII,7G06YGB3VG
2020-09-21T17:29:32Z,https://chem.nlm.nih.gov/chemidplus/rn/1220999-07-4,System Generated Number,1220999074
2020-09-21T17:29:39Z,https://chem.nlm.nih.gov/chemidplus/rn/219989-84-1,CAS Registry Number,219989-84-1
2020-09-21T17:29:39Z,https://chem.nlm.nih.gov/chemidplus/rn/219989-84-1,FDA UNII,K27005NP0A
2020-09-21T17:29:39Z,https://chem.nlm.nih.gov/chemidplus/rn/219989-84-1,System Generated Number,0219989841
2020-09-21T17:29:46Z,https://chem.nlm.nih.gov/chemidplus/rn/444197-71-1,CAS Registry Number,444197-71-1
2020-09-21T17:29:46Z,https://chem.nlm.nih.gov/chemidplus/rn/444197-71-1,FDA UNII,NAK7N0HCZ3
2020-09-21T17:29:46Z,https://chem.nlm.nih.gov/chemidplus/rn/444197-71-1,System Generated Number,0444197711
2020-09-21T17:29:59Z,https://chem.nlm.nih.gov/chemidplus/rn/3269-74-7,CAS Registry Number,3269-74-7
2020-09-21T17:29:59Z,https://chem.nlm.nih.gov/chemidplus/rn/3269-74-7,System Generated Number,0003269747
2020-09-21T17:31:33Z,https://chem.nlm.nih.gov/chemidplus/rn/1346242-81-6,CAS Registry Number,1346242-81-6
2020-09-21T17:31:33Z,https://chem.nlm.nih.gov/chemidplus/rn/1346242-81-6,FDA UNII,890E37NHMV
2020-09-21T17:31:33Z,https://chem.nlm.nih.gov/chemidplus/rn/1346242-81-6,System Generated Number,1346242816
2020-09-21T18:03:23Z,https://chem.nlm.nih.gov/chemidplus/rn/888216-25-9,CAS Registry Number,888216-25-9
2020-09-21T18:03:23Z,https://chem.nlm.nih.gov/chemidplus/rn/888216-25-9,FDA UNII,2E8412Y946
2020-09-21T18:03:23Z,https://chem.nlm.nih.gov/chemidplus/rn/888216-25-9,Other Registry Number,1143571-94-1
2020-09-21T18:03:23Z,https://chem.nlm.nih.gov/chemidplus/rn/888216-25-9,System Generated Number,0888216259
2020-09-21T18:03:42Z,https://chem.nlm.nih.gov/chemidplus/rn/2101242-53-7,CAS Registry Number,2101242-53-7
2020-09-21T18:03:42Z,https://chem.nlm.nih.gov/chemidplus/rn/2101242-53-7,FDA UNII,ZAM5J1ATF2
2020-09-21T18:03:42Z,https://chem.nlm.nih.gov/chemidplus/rn/2101242-53-7,System Generated Number,2101242537
2020-09-21T18:04:06Z,https://chem.nlm.nih.gov/chemidplus/rn/2145115-85-9,CAS Registry Number,2145115-85-9
2020-09-21T18:04:06Z,https://chem.nlm.nih.gov/chemidplus/rn/2145115-85-9,FDA UNII,RD2I59M9FC
2020-09-21T18:04:06Z,https://chem.nlm.nih.gov/chemidplus/rn/2145115-85-9,System Generated Number,2145115859
